district_name,res_buildings_density_km2_contrib,walk_reach_nodes_10min_point_contrib,metro_walk_time_s_point_contrib,competitor_density_km2_contrib,dormitory_cnt_contrib,cemetery_area_share_contrib,index_score_0_1,index_rank,top3_contrib
Сокол,0.2856164383561644,0.22773972602739725,0.15342465753424658,0.12842465753424656,0.05,0.020205479452054795,0.8654109589041097,1.0,"res_buildings_density_km2=0.286, walk_reach_nodes_10min_point=0.228, metro_walk_time_s_point=0.153"
Арбат,0.2897260273972603,0.24315068493150685,0.1452054794520548,0.12842465753424656,0.012157534246575343,0.036815068493150686,0.8554794520547946,2.0,"res_buildings_density_km2=0.290, walk_reach_nodes_10min_point=0.243, metro_walk_time_s_point=0.145"
Ломоносовский,0.2383561643835616,0.2328767123287671,0.13972602739726028,0.12842465753424656,0.012157534246575343,0.036815068493150686,0.7883561643835616,3.0,"res_buildings_density_km2=0.238, walk_reach_nodes_10min_point=0.233, metro_walk_time_s_point=0.140"
Косино-Ухтомский,0.28356164383561644,0.21746575342465754,0.16027397260273973,0.075,0.028595890410958905,0.022945205479452054,0.7878424657534245,4.0,"res_buildings_density_km2=0.284, walk_reach_nodes_10min_point=0.217, metro_walk_time_s_point=0.160"
Замоскворечье,0.27328767123287667,0.2482876712328767,0.1589041095890411,0.040068493150684927,0.012157534246575343,0.036815068493150686,0.7695205479452055,5.0,"res_buildings_density_km2=0.273, walk_reach_nodes_10min_point=0.248, metro_walk_time_s_point=0.159"
Преображенское,0.20136986301369864,0.19863013698630136,0.16575342465753426,0.12842465753424656,0.04400684931506849,0.0089041095890411,0.7470890410958905,6.0,"res_buildings_density_km2=0.201, walk_reach_nodes_10min_point=0.199, metro_walk_time_s_point=0.166"
Бескудниковский,0.21986301369863015,0.22602739726027396,0.12328767123287672,0.12842465753424656,0.012157534246575343,0.036815068493150686,0.7465753424657535,7.0,"walk_reach_nodes_10min_point=0.226, res_buildings_density_km2=0.220, competitor_density_km2=0.128"
Мещанский,0.27534246575342464,0.24486301369863014,0.16849315068493154,0.006164383561643843,0.012157534246575343,0.036815068493150686,0.7438356164383562,8.0,"res_buildings_density_km2=0.275, walk_reach_nodes_10min_point=0.245, metro_walk_time_s_point=0.168"
Тверской,0.25479452054794516,0.25,0.15205479452054796,0.022602739726027405,0.03527397260273973,0.021917808219178082,0.7366438356164383,9.0,"res_buildings_density_km2=0.255, walk_reach_nodes_10min_point=0.250, metro_walk_time_s_point=0.152"
Академический,0.2506849315068493,0.1934931506849315,0.17808219178082194,0.02054794520547945,0.0464041095890411,0.036815068493150686,0.7260273972602739,10.0,"res_buildings_density_km2=0.251, walk_reach_nodes_10min_point=0.193, metro_walk_time_s_point=0.178"
Басманный,0.2794520547945205,0.24143835616438356,0.09863013698630137,0.017465753424657535,0.04948630136986301,0.036815068493150686,0.7232876712328766,11.0,"res_buildings_density_km2=0.279, walk_reach_nodes_10min_point=0.241, metro_walk_time_s_point=0.099"
Щербинка,0.3,0.08561643835616438,0.13287671232876713,0.12842465753424656,0.039041095890410965,0.036815068493150686,0.7227739726027397,12.0,"res_buildings_density_km2=0.300, metro_walk_time_s_point=0.133, competitor_density_km2=0.128"
Красносельский,0.1910958904109589,0.2363013698630137,0.19315068493150686,0.023630136986301363,0.03527397260273973,0.036815068493150686,0.7162671232876712,13.0,"walk_reach_nodes_10min_point=0.236, metro_walk_time_s_point=0.193, res_buildings_density_km2=0.191"
Бабушкинский,0.23424657534246573,0.21232876712328766,0.18356164383561646,0.013356164383561646,0.028595890410958905,0.036815068493150686,0.708904109589041,14.0,"res_buildings_density_km2=0.234, walk_reach_nodes_10min_point=0.212, metro_walk_time_s_point=0.184"
Аэропорт,0.2568493150684931,0.2345890410958904,0.12191780821917808,0.007191780821917803,0.0464041095890411,0.036815068493150686,0.7037671232876712,15.0,"res_buildings_density_km2=0.257, walk_reach_nodes_10min_point=0.235, metro_walk_time_s_point=0.122"
Марьина Роща,0.21164383561643837,0.23972602739726026,0.1808219178082192,0.009246575342465757,0.0464041095890411,0.00684931506849315,0.6946917808219178,16.0,"walk_reach_nodes_10min_point=0.240, res_buildings_density_km2=0.212, metro_walk_time_s_point=0.181"
Пресненский,0.2589041095890411,0.2054794520547945,0.14383561643835616,0.04212328767123288,0.039041095890410965,0.0006849315068493179,0.6900684931506849,17.0,"res_buildings_density_km2=0.259, walk_reach_nodes_10min_point=0.205, metro_walk_time_s_point=0.144"
Алексеевский,0.20342465753424657,0.17294520547945205,0.12465753424657536,0.12842465753424656,0.04777397260273973,0.011643835616438359,0.6888698630136987,18.0,"res_buildings_density_km2=0.203, walk_reach_nodes_10min_point=0.173, competitor_density_km2=0.128"
Якиманка,0.16027397260273973,0.2208904109589041,0.18767123287671234,0.07089041095890411,0.012157534246575343,0.036815068493150686,0.6886986301369863,19.0,"walk_reach_nodes_10min_point=0.221, metro_walk_time_s_point=0.188, res_buildings_density_km2=0.160"
Кокошкино,0.29589041095890406,0.20205479452054795,0.041095890410958916,0.08732876712328767,0.012157534246575343,0.036815068493150686,0.6753424657534246,20.0,"res_buildings_density_km2=0.296, walk_reach_nodes_10min_point=0.202, competitor_density_km2=0.087"
Свиблово,0.16643835616438354,0.238013698630137,0.17397260273972603,0.029794520547945208,0.028595890410958905,0.036815068493150686,0.6736301369863013,21.0,"walk_reach_nodes_10min_point=0.238, metro_walk_time_s_point=0.174, res_buildings_density_km2=0.166"
Лианозово,0.2650684931506849,0.16267123287671234,0.06575342465753424,0.12842465753424656,0.012157534246575343,0.036815068493150686,0.6708904109589041,22.0,"res_buildings_density_km2=0.265, walk_reach_nodes_10min_point=0.163, competitor_density_km2=0.128"
Марфино,0.2671232876712329,0.17636986301369864,0.06438356164383562,0.12842465753424656,0.012157534246575343,0.02089041095890411,0.6693493150684933,23.0,"res_buildings_density_km2=0.267, walk_reach_nodes_10min_point=0.176, competitor_density_km2=0.128"
Коньково,0.15205479452054796,0.2243150684931507,0.18493150684931509,0.019520547945205472,0.04948630136986301,0.036815068493150686,0.667123287671233,24.0,"walk_reach_nodes_10min_point=0.224, metro_walk_time_s_point=0.185, res_buildings_density_km2=0.152"
Текстильщики,0.26095890410958905,0.08732876712328767,0.16712328767123288,0.06986301369863013,0.04400684931506849,0.036815068493150686,0.6660958904109588,25.0,"res_buildings_density_km2=0.261, metro_walk_time_s_point=0.167, walk_reach_nodes_10min_point=0.087"
Черёмушки,0.24246575342465754,0.20376712328767124,0.11780821917808221,0.0482876712328767,0.012157534246575343,0.036815068493150686,0.6613013698630137,26.0,"res_buildings_density_km2=0.242, walk_reach_nodes_10min_point=0.204, metro_walk_time_s_point=0.118"
Хамовники,0.2465753424657534,0.1523972602739726,0.12876712328767123,0.07397260273972601,0.04160958904109589,0.01712328767123288,0.6604452054794521,27.0,"res_buildings_density_km2=0.247, walk_reach_nodes_10min_point=0.152, metro_walk_time_s_point=0.129"
Северное Измайлово,0.27123287671232876,0.11643835616438356,0.15616438356164386,0.06472602739726026,0.012157534246575343,0.036815068493150686,0.6575342465753425,28.0,"res_buildings_density_km2=0.271, metro_walk_time_s_point=0.156, walk_reach_nodes_10min_point=0.116"
Новокосино,0.20753424657534245,0.20034246575342465,0.13835616438356166,0.06061643835616437,0.012157534246575343,0.036815068493150686,0.6558219178082192,29.0,"res_buildings_density_km2=0.208, walk_reach_nodes_10min_point=0.200, metro_walk_time_s_point=0.138"
Ховрино,0.21575342465753425,0.15924657534246575,0.06849315068493152,0.12842465753424656,0.028595890410958905,0.036815068493150686,0.6373287671232876,30.0,"res_buildings_density_km2=0.216, walk_reach_nodes_10min_point=0.159, competitor_density_km2=0.128"
Раменки,0.06164383561643835,0.2071917808219178,0.17671232876712328,0.10171232876712329,0.0464041095890411,0.036815068493150686,0.6304794520547945,31.0,"walk_reach_nodes_10min_point=0.207, metro_walk_time_s_point=0.177, competitor_density_km2=0.102"
"""Мосрентген""",0.2917808219178082,0.08047945205479452,0.09452054794520548,0.12842465753424656,0.012157534246575343,0.01849315068493151,0.6258561643835616,32.0,"res_buildings_density_km2=0.292, competitor_density_km2=0.128, metro_walk_time_s_point=0.095"
Савёловский,0.2876712328767123,0.2089041095890411,0.07945205479452055,0.0,0.012157534246575343,0.036815068493150686,0.625,33.0,"res_buildings_density_km2=0.288, walk_reach_nodes_10min_point=0.209, metro_walk_time_s_point=0.079"
Таганский,0.2321917808219178,0.23116438356164384,0.10821917808219178,0.014383561643835623,0.03527397260273973,0.0027397260273972603,0.623972602739726,34.0,"res_buildings_density_km2=0.232, walk_reach_nodes_10min_point=0.231, metro_walk_time_s_point=0.108"
Отрадное,0.12945205479452054,0.1643835616438356,0.1904109589041096,0.07294520547945205,0.028595890410958905,0.036815068493150686,0.6226027397260273,35.0,"metro_walk_time_s_point=0.190, walk_reach_nodes_10min_point=0.164, res_buildings_density_km2=0.129"
Бутырский,0.17465753424657535,0.21404109589041095,0.15068493150684933,0.00410958904109589,0.03527397260273973,0.036815068493150686,0.6155821917808219,36.0,"walk_reach_nodes_10min_point=0.214, res_buildings_density_km2=0.175, metro_walk_time_s_point=0.151"
Новогиреево,0.26301369863013696,0.11472602739726027,0.13698630136986303,0.02876712328767123,0.028595890410958905,0.036815068493150686,0.6089041095890411,37.0,"res_buildings_density_km2=0.263, metro_walk_time_s_point=0.137, walk_reach_nodes_10min_point=0.115"
Солнцево,0.13767123287671232,0.19606164383561644,0.13150684931506848,0.07808219178082193,0.028595890410958905,0.036815068493150686,0.6087328767123287,38.0,"walk_reach_nodes_10min_point=0.196, res_buildings_density_km2=0.138, metro_walk_time_s_point=0.132"
Южнопортовый,0.21369863013698628,0.0958904109589041,0.163013698630137,0.06780821917808219,0.028595890410958905,0.036815068493150686,0.6058219178082191,39.0,"res_buildings_density_km2=0.214, metro_walk_time_s_point=0.163, walk_reach_nodes_10min_point=0.096"
Нагатинский Затон,0.11506849315068492,0.1506849315068493,0.1863013698630137,0.12842465753424656,0.012157534246575343,0.012328767123287671,0.6049657534246575,40.0,"metro_walk_time_s_point=0.186, walk_reach_nodes_10min_point=0.151, competitor_density_km2=0.128"
Фили-Давыдково,0.23013698630136983,0.12243150684931507,0.1643835616438356,0.021575342465753426,0.028595890410958905,0.036815068493150686,0.6039383561643835,41.0,"res_buildings_density_km2=0.230, metro_walk_time_s_point=0.164, walk_reach_nodes_10min_point=0.122"
Хорошёвский,0.1458904109589041,0.18493150684931506,0.1410958904109589,0.06575342465753424,0.028595890410958905,0.036815068493150686,0.6030821917808218,42.0,"walk_reach_nodes_10min_point=0.185, res_buildings_density_km2=0.146, metro_walk_time_s_point=0.141"
Щукино,0.22808219178082192,0.1404109589041096,0.10136986301369864,0.04726027397260275,0.04400684931506849,0.036815068493150686,0.5979452054794521,43.0,"res_buildings_density_km2=0.228, walk_reach_nodes_10min_point=0.140, metro_walk_time_s_point=0.101"
Котловка,0.24452054794520547,0.18664383561643835,0.08082191780821918,0.03698630136986301,0.012157534246575343,0.036815068493150686,0.5979452054794521,43.0,"res_buildings_density_km2=0.245, walk_reach_nodes_10min_point=0.187, metro_walk_time_s_point=0.081"
Проспект Вернадского,0.1684931506849315,0.14383561643835616,0.17534246575342466,0.04315068493150685,0.028595890410958905,0.036815068493150686,0.5962328767123287,45.0,"metro_walk_time_s_point=0.175, res_buildings_density_km2=0.168, walk_reach_nodes_10min_point=0.144"
Войковский,0.22602739726027396,0.09075342465753425,0.1726027397260274,0.03287671232876712,0.03527397260273973,0.036815068493150686,0.5943493150684931,46.0,"res_buildings_density_km2=0.226, metro_walk_time_s_point=0.173, walk_reach_nodes_10min_point=0.091"
Чертаново Северное,0.09657534246575343,0.1917808219178082,0.1273972602739726,0.12842465753424656,0.012157534246575343,0.036815068493150686,0.5931506849315069,47.0,"walk_reach_nodes_10min_point=0.192, competitor_density_km2=0.128, metro_walk_time_s_point=0.127"
Алтуфьевский,0.16232876712328767,0.17123287671232876,0.07808219178082193,0.12842465753424656,0.012157534246575343,0.036815068493150686,0.589041095890411,48.0,"walk_reach_nodes_10min_point=0.171, res_buildings_density_km2=0.162, competitor_density_km2=0.128"
Беговой,0.17671232876712328,0.2226027397260274,0.11095890410958904,0.025684931506849317,0.012157534246575343,0.036815068493150686,0.5849315068493152,49.0,"walk_reach_nodes_10min_point=0.223, res_buildings_density_km2=0.177, metro_walk_time_s_point=0.111"
Дорогомилово,0.06780821917808219,0.2106164383561644,0.17123287671232879,0.06164383561643835,0.03527397260273973,0.036815068493150686,0.5833904109589041,50.0,"walk_reach_nodes_10min_point=0.211, metro_walk_time_s_point=0.171, res_buildings_density_km2=0.068"
Кузьминки,0.24041095890410957,0.09417808219178082,0.10273972602739728,0.06267123287671232,0.039041095890410965,0.036815068493150686,0.5758561643835616,51.0,"res_buildings_density_km2=0.240, metro_walk_time_s_point=0.103, walk_reach_nodes_10min_point=0.094"
Чертаново Южное,0.11095890410958903,0.1284246575342466,0.15753424657534248,0.12842465753424656,0.012157534246575343,0.036815068493150686,0.5743150684931507,52.0,"metro_walk_time_s_point=0.158, walk_reach_nodes_10min_point=0.128, competitor_density_km2=0.128"
Коптево,0.2815068493150685,0.09931506849315068,0.07534246575342465,0.044178082191780814,0.03527397260273973,0.036815068493150686,0.5724315068493149,53.0,"res_buildings_density_km2=0.282, walk_reach_nodes_10min_point=0.099, metro_walk_time_s_point=0.075"
Филёвский Парк,0.13561643835616438,0.11301369863013698,0.11643835616438357,0.12842465753424656,0.03527397260273973,0.036815068493150686,0.5655821917808218,54.0,"res_buildings_density_km2=0.136, competitor_density_km2=0.128, metro_walk_time_s_point=0.116"
Зюзино,0.2691780821917808,0.0839041095890411,0.1041095890410959,0.026712328767123292,0.039041095890410965,0.036815068493150686,0.5597602739726028,55.0,"res_buildings_density_km2=0.269, metro_walk_time_s_point=0.104, walk_reach_nodes_10min_point=0.084"
Ростокино,0.2095890410958904,0.17465753424657535,0.07671232876712329,0.058561643835616434,0.028595890410958905,0.00821917808219178,0.5563356164383562,56.0,"res_buildings_density_km2=0.210, walk_reach_nodes_10min_point=0.175, metro_walk_time_s_point=0.077"
Рязанский,0.22191780821917806,0.059931506849315065,0.13424657534246576,0.05547945205479452,0.039041095890410965,0.036815068493150686,0.5474315068493151,57.0,"res_buildings_density_km2=0.222, metro_walk_time_s_point=0.134, walk_reach_nodes_10min_point=0.060"
Левобережный,0.09246575342465753,0.18835616438356165,0.1356164383561644,0.08013698630136987,0.012157534246575343,0.036815068493150686,0.5455479452054796,58.0,"walk_reach_nodes_10min_point=0.188, metro_walk_time_s_point=0.136, res_buildings_density_km2=0.092"
Зябликово,0.15821917808219177,0.10787671232876712,0.1821917808219178,0.030821917808219183,0.028595890410958905,0.036815068493150686,0.5445205479452054,59.0,"metro_walk_time_s_point=0.182, res_buildings_density_km2=0.158, walk_reach_nodes_10min_point=0.108"
Царицыно,0.18493150684931506,0.2191780821917808,0.08630136986301369,0.039041095890410965,0.012157534246575343,0.00034246575342465895,0.5419520547945206,60.0,"walk_reach_nodes_10min_point=0.219, res_buildings_density_km2=0.185, metro_walk_time_s_point=0.086"
Дмитровский,0.1232876712328767,0.15753424657534246,0.0547945205479452,0.12842465753424656,0.039041095890410965,0.036815068493150686,0.5398972602739726,61.0,"walk_reach_nodes_10min_point=0.158, competitor_density_km2=0.128, res_buildings_density_km2=0.123"
Северный,0.17260273972602738,0.1695205479452055,0.08356164383561644,0.09349315068493151,0.012157534246575343,0.005479452054794521,0.5368150684931507,62.0,"res_buildings_density_km2=0.173, walk_reach_nodes_10min_point=0.170, competitor_density_km2=0.093"
Нагорный,0.2054794520547945,0.10102739726027397,0.13013698630136986,0.046232876712328765,0.012157534246575343,0.036815068493150686,0.5318493150684932,63.0,"res_buildings_density_km2=0.205, metro_walk_time_s_point=0.130, walk_reach_nodes_10min_point=0.101"
Марьино,0.12739726027397258,0.136986301369863,0.16164383561643836,0.052397260273972596,0.012157534246575343,0.036815068493150686,0.5273972602739726,64.0,"metro_walk_time_s_point=0.162, walk_reach_nodes_10min_point=0.137, res_buildings_density_km2=0.127"
Восточное Измайлово,0.25273972602739725,0.10616438356164383,0.05068493150684932,0.033904109589041095,0.0464041095890411,0.036815068493150686,0.5267123287671233,65.0,"res_buildings_density_km2=0.253, walk_reach_nodes_10min_point=0.106, metro_walk_time_s_point=0.051"
Северное Тушино,0.14383561643835616,0.1832191780821918,0.14794520547945209,0.0010273972602739766,0.012157534246575343,0.036815068493150686,0.525,66.0,"walk_reach_nodes_10min_point=0.183, metro_walk_time_s_point=0.148, res_buildings_density_km2=0.144"
Митино,0.10684931506849314,0.21575342465753425,0.16986301369863016,0.0020547945205479532,0.012157534246575343,0.01404109589041096,0.5207191780821918,67.0,"walk_reach_nodes_10min_point=0.216, metro_walk_time_s_point=0.170, res_buildings_density_km2=0.107"
Северное Медведково,0.17054794520547947,0.1386986301369863,0.14246575342465753,0.0030821917808219134,0.028595890410958905,0.036815068493150686,0.5202054794520548,68.0,"res_buildings_density_km2=0.171, metro_walk_time_s_point=0.142, walk_reach_nodes_10min_point=0.139"
Обручевский,0.11301369863013698,0.19606164383561644,0.08767123287671233,0.03801369863013699,0.04845890410958904,0.036815068493150686,0.5200342465753424,69.0,"walk_reach_nodes_10min_point=0.196, res_buildings_density_km2=0.113, metro_walk_time_s_point=0.088"
Соколиная Гора,0.19931506849315067,0.0821917808219178,0.07123287671232877,0.08424657534246575,0.04400684931506849,0.036815068493150686,0.5178082191780822,70.0,"res_buildings_density_km2=0.199, competitor_density_km2=0.084, walk_reach_nodes_10min_point=0.082"
Богородское,0.21780821917808219,0.13184931506849315,0.06986301369863013,0.0410958904109589,0.04400684931506849,0.00993150684931507,0.514554794520548,71.0,"res_buildings_density_km2=0.218, walk_reach_nodes_10min_point=0.132, metro_walk_time_s_point=0.070"
Куркино,0.1541095890410959,0.1815068493150685,0.019178082191780833,0.12842465753424656,0.012157534246575343,0.01643835616438356,0.5118150684931507,72.0,"walk_reach_nodes_10min_point=0.182, res_buildings_density_km2=0.154, competitor_density_km2=0.128"
Киевский,0.24863013698630135,0.0410958904109589,0.024657534246575352,0.12842465753424656,0.028595890410958905,0.036815068493150686,0.5082191780821917,73.0,"res_buildings_density_km2=0.249, competitor_density_km2=0.128, walk_reach_nodes_10min_point=0.041"
Донской,0.15,0.11815068493150685,0.1095890410958904,0.07910958904109588,0.04777397260273973,0.0010273972602739712,0.5056506849315069,74.0,"res_buildings_density_km2=0.150, walk_reach_nodes_10min_point=0.118, metro_walk_time_s_point=0.110"
Сокольники,0.06986301369863013,0.16095890410958905,0.06027397260273973,0.12842465753424656,0.048972602739726034,0.036815068493150686,0.5053082191780821,75.0,"walk_reach_nodes_10min_point=0.161, competitor_density_km2=0.128, res_buildings_density_km2=0.070"
Рязановское,0.297945205479452,0.05136986301369863,0.026027397260273966,0.10582191780821916,0.012157534246575343,0.009246575342465752,0.5025684931506849,76.0,"res_buildings_density_km2=0.298, competitor_density_km2=0.106, walk_reach_nodes_10min_point=0.051"
Южное Тушино,0.18082191780821916,0.1558219178082192,0.08904109589041097,0.010273972602739734,0.028595890410958905,0.036815068493150686,0.5013698630136986,77.0,"res_buildings_density_km2=0.181, walk_reach_nodes_10min_point=0.156, metro_walk_time_s_point=0.089"
Воскресенское,0.2773972602739726,0.046232876712328765,0.013698630136986313,0.12842465753424656,0.012157534246575343,0.0226027397260274,0.500513698630137,78.0,"res_buildings_density_km2=0.277, competitor_density_km2=0.128, walk_reach_nodes_10min_point=0.046"
Чертаново Центральное,0.1047945205479452,0.11986301369863013,0.18904109589041096,0.05753424657534246,0.012157534246575343,0.014726027397260272,0.4981164383561643,79.0,"metro_walk_time_s_point=0.189, walk_reach_nodes_10min_point=0.120, res_buildings_density_km2=0.105"
Ярославский,0.0821917808219178,0.1095890410958904,0.12054794520547946,0.12842465753424656,0.04160958904109589,0.01267123287671233,0.49503424657534245,80.0,"competitor_density_km2=0.128, metro_walk_time_s_point=0.121, walk_reach_nodes_10min_point=0.110"
Орехово-Борисово Южное,0.11712328767123287,0.22945205479452055,0.11369863013698632,0.005136986301369867,0.012157534246575343,0.01438356164383562,0.4919520547945206,81.0,"walk_reach_nodes_10min_point=0.229, res_buildings_density_km2=0.117, metro_walk_time_s_point=0.114"
Восточное Дегунино,0.17876712328767125,0.125,0.1,0.03595890410958903,0.012157534246575343,0.036815068493150686,0.48869863013698633,82.0,"res_buildings_density_km2=0.179, walk_reach_nodes_10min_point=0.125, metro_walk_time_s_point=0.100"
Останкинский,0.03698630136986301,0.2465753424657534,0.05890410958904109,0.09760273972602738,0.028595890410958905,0.010273972602739729,0.4789383561643835,83.0,"walk_reach_nodes_10min_point=0.247, competitor_density_km2=0.098, metro_walk_time_s_point=0.059"
Люблино,0.08835616438356164,0.1780821917808219,0.14931506849315068,0.01643835616438356,0.04160958904109589,0.00445205479452055,0.47825342465753423,84.0,"walk_reach_nodes_10min_point=0.178, metro_walk_time_s_point=0.149, res_buildings_density_km2=0.088"
Старое Крюково,0.07397260273972601,0.0273972602739726,0.19657534246575345,0.12842465753424656,0.012157534246575343,0.036815068493150686,0.47534246575342465,85.0,"metro_walk_time_s_point=0.197, competitor_density_km2=0.128, res_buildings_density_km2=0.074"
Покровское-Стрешнево,0.07191780821917808,0.14897260273972604,0.10547945205479453,0.08116438356164382,0.028595890410958905,0.036815068493150686,0.472945205479452,86.0,"walk_reach_nodes_10min_point=0.149, metro_walk_time_s_point=0.105, competitor_density_km2=0.081"
Северное Бутово,0.049315068493150684,0.19006849315068494,0.19178082191780824,0.018493150684931514,0.012157534246575343,0.010616438356164382,0.4724315068493151,87.0,"metro_walk_time_s_point=0.192, walk_reach_nodes_10min_point=0.190, res_buildings_density_km2=0.049"
Силино,0.12534246575342464,0.0059931506849315065,0.19657534246575345,0.12842465753424656,0.012157534246575343,0.0013698630136986301,0.46986301369863015,88.0,"metro_walk_time_s_point=0.197, competitor_density_km2=0.128, res_buildings_density_km2=0.125"
Головинский,0.18287671232876712,0.09246575342465753,0.06164383561643836,0.08938356164383561,0.039041095890410965,0.003082191780821919,0.46849315068493147,89.0,"res_buildings_density_km2=0.183, walk_reach_nodes_10min_point=0.092, competitor_density_km2=0.089"
Нижегородский,0.10068493150684932,0.0976027397260274,0.17945205479452056,0.04520547945205479,0.03527397260273973,0.0037671232876712313,0.46198630136986296,90.0,"metro_walk_time_s_point=0.179, res_buildings_density_km2=0.101, walk_reach_nodes_10min_point=0.098"
Измайлово,0.13150684931506848,0.07705479452054795,0.09178082191780822,0.09863013698630137,0.04845890410958904,0.013356164383561643,0.46078767123287667,91.0,"res_buildings_density_km2=0.132, competitor_density_km2=0.099, metro_walk_time_s_point=0.092"
Хорошёво-Мнёвники,0.18904109589041093,0.0547945205479452,0.04794520547945205,0.09041095890410958,0.04160958904109589,0.036815068493150686,0.46061643835616434,92.0,"res_buildings_density_km2=0.189, competitor_density_km2=0.090, walk_reach_nodes_10min_point=0.055"
Лосиноостровский,0.19726027397260273,0.14726027397260275,0.038356164383561646,0.011301369863013694,0.028595890410958905,0.036815068493150686,0.45958904109589044,93.0,"res_buildings_density_km2=0.197, walk_reach_nodes_10min_point=0.147, metro_walk_time_s_point=0.038"
Марушкинское,0.29383561643835615,0.025684931506849314,0.0178082191780822,0.09965753424657534,0.012157534246575343,0.00856164383561644,0.4577054794520547,94.0,"res_buildings_density_km2=0.294, competitor_density_km2=0.100, walk_reach_nodes_10min_point=0.026"
Строгино,0.08630136986301369,0.10273972602739725,0.14657534246575343,0.08835616438356164,0.012157534246575343,0.018835616438356163,0.45496575342465756,95.0,"metro_walk_time_s_point=0.147, walk_reach_nodes_10min_point=0.103, competitor_density_km2=0.088"
Перово,0.2363013698630137,0.04794520547945205,0.0904109589041096,0.012328767123287671,0.028595890410958905,0.036815068493150686,0.45239726027397265,96.0,"res_buildings_density_km2=0.236, metro_walk_time_s_point=0.090, walk_reach_nodes_10min_point=0.048"
Некрасовка,0.04520547945205479,0.1541095890410959,0.10684931506849316,0.09657534246575343,0.012157534246575343,0.036815068493150686,0.4517123287671233,97.0,"walk_reach_nodes_10min_point=0.154, metro_walk_time_s_point=0.107, competitor_density_km2=0.097"
Братеево,0.022602739726027395,0.13356164383561644,0.1547945205479452,0.08321917808219177,0.028595890410958905,0.0136986301369863,0.436472602739726,98.0,"metro_walk_time_s_point=0.155, walk_reach_nodes_10min_point=0.134, competitor_density_km2=0.083"
Бибирево,0.13972602739726026,0.13527397260273974,0.049315068493150684,0.05650684931506848,0.03527397260273973,0.010958904109589041,0.427054794520548,99.0,"res_buildings_density_km2=0.140, walk_reach_nodes_10min_point=0.135, competitor_density_km2=0.057"
Тропарёво-Никулино,0.04726027397260273,0.1421232876712329,0.09589041095890412,0.09554794520547945,0.04400684931506849,0.0,0.42482876712328765,100.0,"walk_reach_nodes_10min_point=0.142, metro_walk_time_s_point=0.096, competitor_density_km2=0.096"
Южное Медведково,0.1952054794520548,0.12243150684931507,0.046575342465753435,0.03493150684931507,0.012157534246575343,0.009589041095890411,0.42089041095890417,101.0,"res_buildings_density_km2=0.195, walk_reach_nodes_10min_point=0.122, metro_walk_time_s_point=0.047"
Москворечье-Сабурово,0.03904109589041096,0.13013698630136986,0.09315068493150686,0.09246575342465753,0.028595890410958905,0.036815068493150686,0.4202054794520548,102.0,"walk_reach_nodes_10min_point=0.130, metro_walk_time_s_point=0.093, competitor_density_km2=0.092"
Гагаринский,0.1191780821917808,0.14554794520547945,0.05616438356164384,0.049315068493150684,0.012157534246575343,0.036815068493150686,0.4191780821917808,103.0,"walk_reach_nodes_10min_point=0.146, res_buildings_density_km2=0.119, metro_walk_time_s_point=0.056"
Южное Бутово,0.22397260273972602,0.03767123287671233,0.03287671232876712,0.10376712328767122,0.012157534246575343,0.00719178082191781,0.4176369863013698,104.0,"res_buildings_density_km2=0.224, competitor_density_km2=0.104, walk_reach_nodes_10min_point=0.038"
Выхино-Жулебино,0.1643835616438356,0.06678082191780822,0.11232876712328768,0.027739726027397254,0.039041095890410965,0.002054794520547948,0.41232876712328764,105.0,"res_buildings_density_km2=0.164, metro_walk_time_s_point=0.112, walk_reach_nodes_10min_point=0.067"
Печатники,0.024657534246575342,0.1267123287671233,0.09726027397260273,0.09143835616438356,0.028595890410958905,0.036815068493150686,0.4054794520547945,106.0,"walk_reach_nodes_10min_point=0.127, metro_walk_time_s_point=0.097, competitor_density_km2=0.091"
Молжаниновский,0.19315068493150686,0.04965753424657534,0.015068493150684925,0.12842465753424656,0.012157534246575343,0.006164383561643838,0.40462328767123285,107.0,"res_buildings_density_km2=0.193, competitor_density_km2=0.128, walk_reach_nodes_10min_point=0.050"
Тёплый Стан,0.06369863013698629,0.1113013698630137,0.12602739726027398,0.05034246575342466,0.012157534246575343,0.036815068493150686,0.40034246575342464,108.0,"metro_walk_time_s_point=0.126, walk_reach_nodes_10min_point=0.111, res_buildings_density_km2=0.064"
Матушкино,0.07808219178082192,0.0059931506849315065,0.19657534246575345,0.06883561643835616,0.012157534246575343,0.036815068493150686,0.39845890410958906,109.0,"metro_walk_time_s_point=0.197, res_buildings_density_km2=0.078, competitor_density_km2=0.069"
Савёлки,0.026712328767123285,0.0059931506849315065,0.19657534246575345,0.12842465753424656,0.028595890410958905,0.001712328767123289,0.38801369863013696,110.0,"metro_walk_time_s_point=0.197, competitor_density_km2=0.128, dormitory_cnt=0.029"
Орехово-Борисово Северное,0.05753424657534246,0.1660958904109589,0.07397260273972604,0.059589041095890416,0.012157534246575343,0.01541095890410959,0.38476027397260276,111.0,"walk_reach_nodes_10min_point=0.166, metro_walk_time_s_point=0.074, competitor_density_km2=0.060"
Филимонковское,0.18698630136986302,0.02054794520547945,0.010958904109589041,0.12842465753424656,0.012157534246575343,0.019178082191780823,0.3782534246575342,112.0,"res_buildings_density_km2=0.187, competitor_density_km2=0.128, walk_reach_nodes_10min_point=0.021"
Ясенево,0.014383561643835615,0.1797945205479452,0.0821917808219178,0.07191780821917808,0.012157534246575343,0.016095890410958904,0.3765410958904109,113.0,"walk_reach_nodes_10min_point=0.180, metro_walk_time_s_point=0.082, competitor_density_km2=0.072"
Ново-Переделкино,0.06575342465753424,0.08904109589041095,0.11917808219178082,0.06678082191780822,0.012157534246575343,0.022260273972602742,0.3751712328767123,114.0,"metro_walk_time_s_point=0.119, walk_reach_nodes_10min_point=0.089, competitor_density_km2=0.067"
Лефортово,0.13356164383561644,0.07534246575342465,0.05753424657534248,0.05342465753424657,0.04400684931506849,0.005821917808219179,0.36969178082191784,115.0,"res_buildings_density_km2=0.134, walk_reach_nodes_10min_point=0.075, metro_walk_time_s_point=0.058"
Даниловский,0.14794520547945203,0.07191780821917808,0.0726027397260274,0.015410958904109583,0.03527397260273973,0.02123287671232877,0.3643835616438356,116.0,"res_buildings_density_km2=0.148, metro_walk_time_s_point=0.073, walk_reach_nodes_10min_point=0.072"
Можайский,0.15616438356164383,0.0684931506849315,0.020547945205479447,0.07705479452054795,0.028595890410958905,0.004794520547945208,0.3556506849315068,117.0,"res_buildings_density_km2=0.156, competitor_density_km2=0.077, walk_reach_nodes_10min_point=0.068"
Нагатино-Садовники,0.10890410958904109,0.023972602739726026,0.0452054794520548,0.12842465753424656,0.012157534246575343,0.036815068493150686,0.35547945205479453,118.0,"competitor_density_km2=0.128, res_buildings_density_km2=0.109, metro_walk_time_s_point=0.045"
Сосенское,0.10273972602739725,0.039383561643835614,0.06301369863013699,0.10684931506849314,0.039041095890410965,0.0023972602739726016,0.35342465753424657,119.0,"competitor_density_km2=0.107, res_buildings_density_km2=0.103, metro_walk_time_s_point=0.063"
Ивановское,0.08013698630136987,0.1678082191780822,0.043835616438356165,0.031849315068493145,0.012157534246575343,0.017465753424657532,0.3532534246575343,120.0,"walk_reach_nodes_10min_point=0.168, res_buildings_density_km2=0.080, metro_walk_time_s_point=0.044"
Крылатское,0.07602739726027398,0.07876712328767123,0.06712328767123288,0.0636986301369863,0.028595890410958905,0.036815068493150686,0.351027397260274,121.0,"walk_reach_nodes_10min_point=0.079, res_buildings_density_km2=0.076, metro_walk_time_s_point=0.067"
Бирюлёво Восточное,0.02876712328767123,0.10445205479452055,0.08493150684931508,0.0821917808219178,0.012157534246575343,0.036815068493150686,0.3493150684931507,122.0,"walk_reach_nodes_10min_point=0.104, metro_walk_time_s_point=0.085, competitor_density_km2=0.082"
Крюково,0.05342465753424657,0.031678082191780824,0.11506849315068496,0.12842465753424656,0.012157534246575343,0.003424657534246578,0.34417808219178087,123.0,"competitor_density_km2=0.128, metro_walk_time_s_point=0.115, res_buildings_density_km2=0.053"
Бирюлёво Западное,0.034931506849315064,0.0702054794520548,0.05342465753424657,0.12842465753424656,0.04160958904109589,0.005136986301369862,0.3337328767123288,124.0,"competitor_density_km2=0.128, walk_reach_nodes_10min_point=0.070, metro_walk_time_s_point=0.053"
Троицк,0.09041095890410958,0.07363013698630137,0.012328767123287676,0.0863013698630137,0.012157534246575343,0.036815068493150686,0.3116438356164384,125.0,"res_buildings_density_km2=0.090, competitor_density_km2=0.086, walk_reach_nodes_10min_point=0.074"
Первомайское,0.08424657534246575,0.04452054794520548,0.006849315068493156,0.12842465753424656,0.012157534246575343,0.01780821917808219,0.29400684931506843,126.0,"competitor_density_km2=0.128, res_buildings_density_km2=0.084, walk_reach_nodes_10min_point=0.045"
Очаково-Матвеевское,0.05136986301369863,0.053082191780821915,0.03698630136986301,0.10068493150684932,0.04400684931506849,0.007534246575342469,0.2936643835616438,127.0,"competitor_density_km2=0.101, walk_reach_nodes_10min_point=0.053, res_buildings_density_km2=0.051"
Западное Дегунино,0.14178082191780822,0.05650684931506849,0.03972602739726028,0.024657534246575342,0.012157534246575343,0.013013698630136988,0.28784246575342465,128.0,"res_buildings_density_km2=0.142, walk_reach_nodes_10min_point=0.057, metro_walk_time_s_point=0.040"
Вешняки,0.0595890410958904,0.06506849315068493,0.042465753424657526,0.07602739726027398,0.03527397260273973,0.007876712328767122,0.2863013698630137,129.0,"competitor_density_km2=0.076, walk_reach_nodes_10min_point=0.065, res_buildings_density_km2=0.060"
Внуковское,0.09452054794520547,0.018835616438356163,0.05205479452054795,0.10273972602739727,0.012157534246575343,0.00410958904109589,0.28441780821917806,130.0,"competitor_density_km2=0.103, res_buildings_density_km2=0.095, metro_walk_time_s_point=0.052"
Гольяново,0.09863013698630137,0.06164383561643835,0.03150684931506849,0.051369863013698634,0.012157534246575343,0.02363013698630137,0.27893835616438356,131.0,"res_buildings_density_km2=0.099, walk_reach_nodes_10min_point=0.062, competitor_density_km2=0.051"
Восточный,0.0410958904109589,0.03595890410958904,0.023287671232876717,0.12842465753424656,0.012157534246575343,0.036815068493150686,0.27773972602739727,132.0,"competitor_density_km2=0.128, res_buildings_density_km2=0.041, cemetery_area_share=0.037"
Тимирязевский,0.12123287671232877,0.031678082191780824,0.0356164383561644,0.00821917808219178,0.0464041095890411,0.023287671232876714,0.2664383561643836,133.0,"res_buildings_density_km2=0.121, dormitory_cnt=0.046, metro_walk_time_s_point=0.036"
Метрогородок,0.012328767123287671,0.03424657534246575,0.02876712328767124,0.12842465753424656,0.04160958904109589,0.02054794520547945,0.26592465753424654,134.0,"competitor_density_km2=0.128, dormitory_cnt=0.042, walk_reach_nodes_10min_point=0.034"
Московский,0.055479452054794515,0.02226027397260274,0.0273972602739726,0.1047945205479452,0.012157534246575343,0.015068493150684932,0.23715753424657532,135.0,"competitor_density_km2=0.105, res_buildings_density_km2=0.055, metro_walk_time_s_point=0.027"
Десёновское,0.043150684931506846,0.0059931506849315065,0.03424657534246576,0.12842465753424656,0.012157534246575343,0.006506849315068492,0.2304794520547945,136.0,"competitor_density_km2=0.128, res_buildings_density_km2=0.043, metro_walk_time_s_point=0.034"
Внуково,0.03287671232876712,0.05821917808219178,0.030136986301369875,0.054452054794520546,0.012157534246575343,0.036815068493150686,0.22465753424657536,137.0,"walk_reach_nodes_10min_point=0.058, competitor_density_km2=0.054, cemetery_area_share=0.037"
Краснопахорское,0.01643835616438356,0.04280821917808219,0.004109589041095885,0.12842465753424656,0.012157534246575343,0.015753424657534248,0.2196917808219178,138.0,"competitor_density_km2=0.128, walk_reach_nodes_10min_point=0.043, res_buildings_density_km2=0.016"
Капотня,0.018493150684931504,0.06335616438356165,0.021917808219178082,0.08527397260273974,0.012157534246575343,0.0113013698630137,0.2125,139.0,"competitor_density_km2=0.085, walk_reach_nodes_10min_point=0.063, metro_walk_time_s_point=0.022"
Новофёдоровское,0.030821917808219176,0.017123287671232876,0.005479452054794521,0.12842465753424656,0.012157534246575343,0.01815068493150685,0.21215753424657532,140.0,"competitor_density_km2=0.128, res_buildings_density_km2=0.031, cemetery_area_share=0.018"
Вороновское,0.0061643835616438354,0.02910958904109589,0.009589041095890406,0.12842465753424656,0.012157534246575343,0.01986301369863014,0.20530821917808217,141.0,"competitor_density_km2=0.128, walk_reach_nodes_10min_point=0.029, cemetery_area_share=0.020"
Михайлово-Ярцевское,0.00410958904109589,0.011986301369863013,0.0,0.12842465753424656,0.012157534246575343,0.036815068493150686,0.1934931506849315,142.0,"competitor_density_km2=0.128, cemetery_area_share=0.037, dormitory_cnt=0.012"
Кунцево,0.02054794520547945,0.0017123287671232876,0.01643835616438356,0.0945205479452055,0.03527397260273973,0.021575342465753423,0.19006849315068497,143.0,"competitor_density_km2=0.095, dormitory_cnt=0.035, cemetery_area_share=0.022"
Роговское,0.002054794520547945,0.015410958904109588,0.008219178082191792,0.12842465753424656,0.012157534246575343,0.019520547945205483,0.1857876712328767,144.0,"competitor_density_km2=0.128, cemetery_area_share=0.020, walk_reach_nodes_10min_point=0.015"
Щаповское,0.010273972602739725,0.010273972602739725,0.0013698630136986358,0.12842465753424656,0.012157534246575343,0.01678082191780822,0.1792808219178082,145.0,"competitor_density_km2=0.128, cemetery_area_share=0.017, dormitory_cnt=0.012"
Клёновское,0.00821917808219178,0.0136986301369863,0.0027397260273972716,0.12842465753424656,0.012157534246575343,0.011986301369863013,0.17722602739726026,146.0,"competitor_density_km2=0.128, walk_reach_nodes_10min_point=0.014, dormitory_cnt=0.012"
