district_id,district_name,area_km2,competitor_cnt,competitor_density_km2,metro_cnt,metro_density_km2,metro_dist_m_centroid,res_buildings_cnt,res_buildings_density_km2,dormitory_cnt,cemetery_area_share,walk_reach_nodes_10min_p50,metro_walk_time_s_p10,res_buildings_density_km2_pct,walk_reach_nodes_10min_p50_pct,metro_walk_time_s_p10_pct,competitor_density_km2_pct,dormitory_cnt_pct,cemetery_area_share_pct,index_score_0_1,index_rank
82,Арбат,2.0828801476179692,0,0.0,18,8.64187986072325,527.8948665406936,206,98.90151396161053,0,0.0,3415.0,264.22373594977074,0.9657534246575342,0.9863013698630136,0.8013698630136986,0.8561643835616438,0.24315068493150685,0.7363013698630136,0.8739726027397261,1.0
79,Марфино,2.10246981305616,0,0.0,4,1.9025243431131986,842.2034090194102,150,71.34466286674494,0,7.691471753965408e-05,2811.0,228.10235961737644,0.8904109589041096,0.958904109589041,0.8356164383561644,0.8561643835616438,0.24315068493150685,0.4178082191780822,0.8354452054794521,2.0
54,Сокол,3.4971872081931865,0,0.0,8,2.2875526884170383,552.4849627150824,321,91.78805162273366,12,0.00017118783998172345,2155.0,385.28040862456,0.952054794520548,0.910958904109589,0.5547945205479452,0.8561643835616438,1.0,0.40410958904109584,0.8229452054794522,3.0
68,Бескудниковский,3.2768149359588548,0,0.0,11,3.3569182926045236,340.9156166039449,170,51.879646340251725,0,0.0,2283.0,218.45357194356188,0.7328767123287672,0.9315068493150684,0.8493150684931507,0.8561643835616438,0.24315068493150685,0.7363013698630136,0.8,4.0
99,Замоскворечье,4.2792986979790495,2,0.4673663002174922,19,4.439979852066176,277.0378165466995,328,76.64807323566872,0,0.0,3404.0,130.57526405566605,0.910958904109589,0.9794520547945206,0.9246575342465754,0.26712328767123283,0.24315068493150685,0.7363013698630136,0.7921232876712329,5.0
29,Ломоносовский,3.331911767888334,0,0.0,3,0.9003839864287013,686.7521890929169,202,60.62585508619922,0,0.0,2406.0,352.6062747441672,0.7945205479452054,0.9383561643835616,0.6301369863013699,0.8561643835616438,0.24315068493150685,0.7363013698630136,0.7763698630136986,6.0
85,Тверской,7.306546531632285,6,0.8211813849435101,76,10.401630875951128,470.0736084248524,501,68.5686456427831,2,3.387695455226834e-05,4812.0,145.941665734077,0.8493150684931506,1.0,0.910958904109589,0.15068493150684936,0.7054794520547946,0.4383561643835616,0.7667808219178082,7.0
104,Басманный,8.399195567108192,8,0.9524721666594514,25,2.976475520810786,802.9097830922523,685,81.55542927021553,11,0.0,3149.0,341.2577603513384,0.9315068493150684,0.9726027397260274,0.6438356164383562,0.11643835616438358,0.9897260273972602,0.7363013698630136,0.7551369863013697,8.0
65,Аэропорт,4.663773413797046,7,1.5009305510622775,23,4.931628953490341,478.10019751775326,325,69.68606129932003,6,0.0,2746.0,270.67834665266224,0.8561643835616438,0.952054794520548,0.7945205479452055,0.047945205479452024,0.928082191780822,0.7363013698630136,0.7441780821917807,9.0
97,Мещанский,4.516035997431129,8,1.7714650646165497,23,5.092962060772581,191.94849924206676,349,77.28016344389698,0,0.0,2727.0,180.21397350318443,0.9178082191780822,0.9452054794520548,0.8835616438356164,0.04109589041095896,0.24315068493150685,0.7363013698630136,0.7434931506849315,10.0
108,Алексеевский,5.2357621658680635,0,0.0,5,0.9549708030274948,788.4452198403587,246,46.984563508952746,7,0.0019344007906720302,1848.0,340.9269187287,0.678082191780822,0.8835616438356164,0.6506849315068493,0.8561643835616438,0.9554794520547946,0.23287671232876717,0.7422945205479452,11.0
73,Хамовники,10.071522914101434,2,0.19857970011662698,25,2.482246251457837,328.410379885481,637,63.247634487145696,4,0.0006660887544322173,1532.0,293.0895241465923,0.821917808219178,0.8287671232876712,0.7671232876712328,0.4931506849315068,0.8321917808219178,0.34246575342465757,0.7398972602739726,12.0
76,Академический,5.705862734491396,5,0.8762916727343398,18,3.1546500218436235,182.80892030765037,370,64.84558378234115,6,0.0,1606.0,291.03638536544236,0.8356164383561644,0.8527397260273972,0.773972602739726,0.136986301369863,0.928082191780822,0.7363013698630136,0.7224315068493149,13.0
87,Якиманка,4.802965764563788,1,0.2082046903973344,11,2.2902515943706785,156.81848644532172,180,37.47684427152019,0,0.0,3617.0,88.47829846300463,0.5342465753424658,0.9931506849315068,0.9589041095890412,0.4726027397260274,0.24315068493150685,0.7363013698630136,0.7202054794520548,14.0
16,Щукино,7.963808464056843,3,0.37670418789451526,19,2.385793189998597,947.5300404409146,426,53.49199468102117,5,0.0,1469.0,255.5678250467783,0.7602739726027398,0.8013698630136986,0.8082191780821918,0.31506849315068497,0.8801369863013698,0.7363013698630136,0.7181506849315069,15.0
75,Савёловский,2.641608191838074,13,4.9212445812996926,4,1.514229101938367,1027.4870651440121,258,97.66777707502466,0,0.0,2215.0,299.86238115210534,0.958904109589041,0.9178082191780822,0.7534246575342466,0.0,0.24315068493150685,0.7363013698630136,0.7167808219178082,16.0
111,Бабушкинский,4.934054851320013,5,1.0133653051429585,7,1.418711427200142,166.3260271116766,277,56.1404379049199,1,0.0,1605.0,129.64312359509393,0.7808219178082192,0.8424657534246576,0.9383561643835616,0.08904109589041098,0.571917808219178,0.7363013698630136,0.7113013698630137,17.0
43,Черёмушки,5.4667330798434195,2,0.3658492139252727,16,2.9267937114021816,693.8372173819795,334,61.09681872552054,0,0.0,1370.0,151.46719090395808,0.8082191780821918,0.7534246575342466,0.904109589041096,0.32191780821917804,0.24315068493150685,0.7363013698630136,0.7089041095890412,18.0
125,Преображенское,5.584666927202792,0,0.0,22,3.939357581530686,332.13499328734787,256,45.83979731235708,5,0.003836903028468871,1774.0,419.64067592634717,0.6712328767123288,0.8698630136986302,0.5136986301369864,0.8561643835616438,0.8801369863013698,0.17808219178082196,0.7029109589041096,19.0
72,Лианозово,5.64414561196196,0,0.0,10,1.7717473445062135,1139.19575582058,400,70.86989378024853,0,0.0,1296.0,560.9155212207606,0.8835616438356164,0.7123287671232876,0.3904109589041096,0.8561643835616438,0.24315068493150685,0.7363013698630136,0.6986301369863014,20.0
77,Зюзино,5.3962782676341154,4,0.7412516185444447,26,4.81813552053889,434.5024624402009,396,73.38391023590002,3,0.0,1339.0,342.20781091192794,0.8972602739726028,0.7328767123287672,0.636986301369863,0.17808219178082196,0.7808219178082192,0.7363013698630136,0.6823630136986301,21.0
128,Текстильщики,4.796825986317006,1,0.20847118549901747,11,2.2931830404891924,346.46140449343306,338,70.46326069866791,5,0.0,854.0,306.01615769435836,0.8698630136986302,0.4794520547945205,0.7328767123287672,0.4657534246575342,0.8801369863013698,0.7363013698630136,0.6780821917808219,22.0
28,Ховрино,5.269546083851201,0,0.0,7,1.3283876615961032,923.8524049066228,271,51.427579470363426,1,0.0,1352.0,535.483498669709,0.7191780821917808,0.7397260273972602,0.40410958904109584,0.8561643835616438,0.571917808219178,0.7363013698630136,0.6753424657534246,23.0
66,Пресненский,11.639510311810396,5,0.4295713364269795,37,3.178827889559648,382.32206696266394,814,69.93421357031225,3,0.0413879546361051,1606.0,367.18989949435417,0.863013698630137,0.8527397260273972,0.6027397260273972,0.2808219178082192,0.7808219178082192,0.013698630136986356,0.674486301369863,24.0
95,Свиблово,4.439463256246345,3,0.675757366789552,13,2.928281922754725,356.8041498933598,175,39.41917972939053,1,0.0,2111.0,215.4186180100368,0.5547945205479452,0.9041095890410958,0.8561643835616438,0.1986301369863014,0.571917808219178,0.7363013698630136,0.658904109589041,25.0
63,Коптево,4.805492026399432,2,0.41619047311135005,6,1.2485714193340502,909.7720158439281,397,82.61380891260299,2,0.0,1078.0,400.40042088523575,0.9383561643835616,0.6027397260273972,0.5342465753424658,0.29452054794520544,0.7054794520547946,0.7363013698630136,0.655308219178082,26.0
56,Проспект Вернадского,4.704120861107244,2,0.42515914430167195,17,3.6138527265642115,350.50838527899515,189,40.177539136508,1,0.0,1408.0,130.37872892643915,0.5616438356164384,0.7671232876712328,0.9315068493150684,0.28767123287671237,0.571917808219178,0.7363013698630136,0.6551369863013699,27.0
112,Южнопортовый,4.581068613524204,1,0.21828967962798151,19,4.147503912931649,195.40350934636686,233,50.8614953533197,1,0.0,900.0,195.77184008962095,0.7123287671232876,0.5,0.8767123287671232,0.452054794520548,0.571917808219178,0.7363013698630136,0.6472602739726027,28.0
136,Северное Измайлово,4.163471829469013,1,0.24018416383221564,5,1.2009208191610783,443.6262100953555,310,74.45709078798684,0,0.0,1132.0,424.7758828474573,0.9041095890410958,0.6438356164383562,0.5,0.43150684931506844,0.24315068493150685,0.7363013698630136,0.6458904109589041,29.0
93,Марьина Роща,4.681485089945867,6,1.2816445817345066,17,3.6313263149144355,313.84026077288684,225,48.061671815044,6,0.007376280124340324,1377.0,156.2818816982263,0.7054794520547946,0.7602739726027398,0.8972602739726028,0.06164383561643838,0.928082191780822,0.136986301369863,0.6436643835616439,30.0
134,Кузьминки,7.98523252741407,2,0.25046233696186154,10,1.2523116848093077,780.188060797288,487,60.987579050213284,3,0.0,852.0,319.78714912546087,0.8013698630136986,0.4726027397260274,0.6986301369863014,0.4178082191780822,0.7808219178082192,0.7363013698630136,0.6368150684931505,31.0
133,Новогиреево,4.395283514980347,3,0.6825498263707374,12,2.7301993054829494,766.6035053567447,310,70.53014872497619,1,0.0,1110.0,357.41462658180876,0.8767123287671232,0.6301369863013698,0.6095890410958904,0.1917808219178082,0.571917808219178,0.7363013698630136,0.6366438356164383,32.0
84,Бутырский,5.029542466550399,11,2.1870776662403935,20,3.9765048477098066,710.3227471398011,210,41.753300900952965,2,0.0,2051.0,251.19939070447333,0.5821917808219178,0.8904109589041096,0.815068493150685,0.0273972602739726,0.7054794520547946,0.7363013698630136,0.6364726027397261,33.0
1,Филёвский Парк,9.630071048231354,0,0.0,12,1.2460967255484479,906.4809299572519,308,31.98314928907683,2,0.0,1058.0,296.23593472513926,0.4520547945205479,0.5821917808219178,0.7602739726027398,0.8561643835616438,0.7054794520547946,0.7363013698630136,0.6337328767123287,34.0
53,Войковский,5.340111408753733,3,0.5617860322318884,13,2.4344061396715166,167.1649409960363,282,52.80788702979751,2,0.0,1043.0,273.4115912363001,0.7534246575342466,0.5753424657534246,0.7876712328767124,0.2191780821917808,0.7054794520547946,0.7363013698630136,0.63236301369863,35.0
62,Беговой,4.041836369946457,3,0.7422368758683178,1,0.2474122919561059,749.2064024770527,169,41.8126773405819,0,0.0,2099.0,306.319346875314,0.589041095890411,0.8972602739726028,0.726027397260274,0.17123287671232879,0.24315068493150685,0.7363013698630136,0.6208904109589042,36.0
105,Красносельский,4.9947198572318445,4,0.8008457159430891,34,6.807188585516257,94.42069842976858,224,44.847360092812984,2,0.0,1449.0,331.13373447115896,0.636986301369863,0.7945205479452054,0.6575342465753424,0.15753424657534243,0.7054794520547946,0.7363013698630136,0.6169520547945204,37.0
21,Дмитровский,7.072462088012866,0,0.0,11,1.5553282383293263,1153.396247014858,215,30.39959738552774,3,0.0,1448.0,485.4649588611123,0.410958904109589,0.7876712328767124,0.452054794520548,0.8561643835616438,0.7808219178082192,0.7363013698630136,0.6148972602739725,38.0
126,Соколиная Гора,7.903975469089283,1,0.12651861128754524,21,2.65689083703845,917.9015899192971,360,45.54670006351628,5,0.0,784.0,311.11142547285226,0.6643835616438356,0.4315068493150685,0.7123287671232876,0.5616438356164384,0.8801369863013698,0.7363013698630136,0.6147260273972601,39.0
61,Хорошёвский,8.56809785115655,2,0.23342403818719618,24,2.801088458246354,476.87986603559574,292,34.079909575330646,1,0.0,1252.0,245.6999739748659,0.4863013698630137,0.6917808219178082,0.821917808219178,0.4383561643835616,0.571917808219178,0.7363013698630136,0.6143835616438355,40.0
107,Таганский,8.085800207557348,8,0.9893887796686894,29,3.586534326298999,630.1789044199869,453,56.024139648739535,2,0.019069047023731852,1843.0,389.56977119038936,0.773972602739726,0.8767123287671232,0.547945205479452,0.09589041095890416,0.7054794520547946,0.0547945205479452,0.6133561643835616,41.0
81,Отрадное,10.049051565610231,2,0.19902375731102634,14,1.3931663011771844,159.17107912434838,317,31.545265533797675,1,0.0,1060.0,127.74048733528659,0.4315068493150685,0.589041095890411,0.9452054794520548,0.48630136986301364,0.571917808219178,0.7363013698630136,0.6041095890410958,42.0
64,Щербинка,7.610780791651026,0,0.0,1,0.13139256370344987,965.1667958418261,1897,249.2516933454444,3,0.0,422.0,1040.247082369843,1.0,0.2534246575342466,0.1643835616438356,0.8561643835616438,0.7808219178082192,0.7363013698630136,0.6005136986301369,43.0
88,Котловка,3.992479013671631,2,0.5009418942845554,0,0.0,890.2581145573249,250,62.61773678556942,0,0.0,1246.0,437.5617956377604,0.815068493150685,0.684931506849315,0.4931506849315068,0.2465753424657534,0.24315068493150685,0.7363013698630136,0.6003424657534246,44.0
130,Зябликово,4.598854860159545,3,0.6523363078903349,19,4.131463283305455,126.43347786428978,169,36.7482786778222,1,0.0,1071.0,142.0954397721002,0.5273972602739726,0.5958904109589042,0.9178082191780822,0.20547945205479456,0.571917808219178,0.7363013698630136,0.586986301369863,45.0
142,Косино-Ухтомский,15.296759641697419,3,0.19611996725256137,9,0.588359901757684,638.5270319524274,1404,91.78414467419871,1,1.569813293950494e-05,563.0,422.2951285385772,0.9452054794520548,0.2945205479452055,0.5068493150684932,0.5,0.571917808219178,0.45890410958904104,0.5851027397260273,46.0
60,Коньково,7.812781162453003,7,0.8959677552010414,17,2.175921691202529,244.06055790374876,271,34.686751665640315,11,0.0,1540.0,371.6620964750516,0.5068493150684932,0.8356164383561644,0.589041095890411,0.13013698630136983,0.9897260273972602,0.7363013698630136,0.5845890410958904,47.0
106,Ростокино,3.4978203324224015,1,0.2858923286398344,6,1.7153539718390063,777.8305031972014,167,47.744018882852345,1,0.005033570935457663,1336.0,458.3956160784015,0.6986301369863014,0.726027397260274,0.4726027397260274,0.3904109589041096,0.571917808219178,0.1643835616438356,0.5809931506849315,48.0
45,Хорошёво-Мнёвники,18.035168193876785,2,0.11089444681081657,20,1.1089444681081657,1233.5816719013558,781,43.304281479623874,4,0.0,1162.0,661.5660213427243,0.6301369863013698,0.6575342465753424,0.273972602739726,0.6027397260273972,0.8321917808219178,0.7363013698630136,0.5770547945205479,49.0
143,Новокосино,3.7748962555251238,1,0.2649079424464582,4,1.0596317697858328,432.7410915389178,180,47.683429640362476,0,0.0,1268.0,536.9389515848131,0.6917808219178082,0.6986301369863014,0.3972602739726028,0.40410958904109584,0.24315068493150685,0.7363013698630136,0.5712328767123288,50.0
49,Фили-Давыдково,6.982573849408899,6,0.8592819967823072,16,2.2914186580861524,219.31144394256222,379,54.27797946341574,1,0.0,929.0,355.4313402289463,0.7671232876712328,0.5136986301369864,0.6232876712328768,0.14383561643835618,0.571917808219178,0.7363013698630136,0.5702054794520547,51.0
78,Алтуфьевский,3.2939271460853163,0,0.0,1,0.30358898532059364,1032.8893345226802,124,37.64503417975361,0,0.0,845.0,384.03302669717954,0.541095890410959,0.4657534246575342,0.5616438356164384,0.8561643835616438,0.24315068493150685,0.7363013698630136,0.5684931506849316,52.0
131,Рязанский,6.362593980225327,2,0.31433720369646645,14,2.200360425875265,657.192079955869,331,52.0228072117652,3,0.0,741.0,382.6269702427492,0.7397260273972602,0.3835616438356164,0.5684931506849316,0.36986301369863017,0.7808219178082192,0.7363013698630136,0.5628424657534247,53.0
50,Обручевский,6.0484974319574345,3,0.4959909520915726,21,3.4719366646410084,1118.4627124655535,170,28.10615395185578,8,0.0,1729.0,418.4554681028059,0.3767123287671233,0.863013698630137,0.5205479452054795,0.2534246575342466,0.9691780821917808,0.7363013698630136,0.5561643835616438,54.0
90,Донской,5.690126162999236,1,0.17574302772100667,12,2.10891633265208,984.9724010668871,197,34.62137646103832,7,0.03668432211040826,1025.0,321.13103211480643,0.5,0.5582191780821918,0.6917808219178082,0.5273972602739726,0.9554794520547946,0.020547945205479423,0.5558219178082192,55.0
100,Северное Медведково,5.6944604010617645,13,2.282920432210939,4,0.7024370560649043,404.8472375861671,237,41.61939557184558,1,0.0,1326.0,328.99407863598924,0.5684931506849316,0.7191780821917808,0.6643835616438356,0.020547945205479423,0.571917808219178,0.7363013698630136,0.5517123287671233,56.0
52,Раменки,18.800654501317812,1,0.05318963762298307,34,1.8084476791814246,37.603016195986626,424,22.552406352144825,6,0.0,976.0,205.6774281211262,0.2054794520547945,0.5273972602739726,0.863013698630137,0.678082191780822,0.928082191780822,0.7363013698630136,0.5510273972602739,57.0
140,Восточное Измайлово,3.8183858732770752,2,0.5237815313525472,0,0.0,1425.2386345881862,248,64.94890988771586,6,0.0,1023.0,857.066935676338,0.8424657534246576,0.547945205479452,0.1986301369863014,0.226027397260274,0.928082191780822,0.7363013698630136,0.5465753424657533,58.0
83,Чертаново Южное,9.146118232646774,0,0.0,17,1.8587120314407317,290.8452595560684,253,27.662008467912067,0,0.0,1027.0,378.168829958746,0.3698630136986301,0.5684931506849316,0.5753424657534247,0.8561643835616438,0.24315068493150685,0.7363013698630136,0.5455479452054794,59.0
4,"""Мосрентген""",6.494100352072422,0,0.0,2,0.30797183467633854,962.7341123302523,651,100.24483218714819,0,0.0003640864788401491,218.0,782.0345159623399,0.9726027397260274,0.1780821917808219,0.23972602739726023,0.8561643835616438,0.24315068493150685,0.36986301369863017,0.5433219178082193,60.0
123,Марьино,11.755065161762156,4,0.34027884532801483,17,1.446185092644063,146.80760227268738,365,31.05044463618135,0,0.0,1442.0,367.92649897116314,0.4246575342465753,0.7808219178082192,0.595890410958904,0.34931506849315064,0.24315068493150685,0.7363013698630136,0.5431506849315069,61.0
109,Сокольники,10.32150954996828,0,0.0,9,0.8719654771842612,1036.7509032905964,240,23.252412724913633,9,0.0,1409.0,615.2840533642794,0.2328767123287671,0.773972602739726,0.3082191780821918,0.8561643835616438,0.9794520547945206,0.7363013698630136,0.5392123287671232,62.0
115,Богородское,8.660017228182904,4,0.46189284554567844,8,0.9237856910913569,1099.8543234370218,447,51.61652548972956,5,0.0028445232205692055,1238.0,696.6099205615584,0.726027397260274,0.678082191780822,0.26027397260273977,0.273972602739726,0.8801369863013698,0.1986301369863014,0.5344178082191782,63.0
24,Тёплый Стан,8.391921010737818,3,0.35748668226993235,14,1.668271183926351,568.2671684821293,191,22.75998543785236,0,0.0,1509.0,232.07243233984258,0.21232876712328766,0.821917808219178,0.8287671232876712,0.3356164383561644,0.24315068493150685,0.7363013698630136,0.5342465753424657,64.0
80,Чертаново Центральное,6.869188555626725,2,0.29115520469470146,16,2.3292416375576117,35.05576948369727,184,26.786278831912536,0,0.0012304420038538424,1155.0,197.5238746997753,0.3493150684931507,0.6506849315068494,0.8698630136986302,0.3835616438356164,0.24315068493150685,0.29452054794520544,0.5258561643835616,65.0
94,Нагорный,5.293359474221265,2,0.3778318872428801,18,3.400486985185921,545.9044894276999,252,47.6068177926029,0,0.0,630.0,310.204229290921,0.684931506849315,0.3253424657534247,0.7191780821917808,0.3082191780821918,0.24315068493150685,0.7363013698630136,0.5258561643835616,65.0
18,Нагатинский Затон,9.5905398964692,0,0.0,14,1.4597718325695264,529.9419892552785,276,28.778358984942088,0,0.001695182636618402,789.0,303.57826136580206,0.3835616438356164,0.4383561643835616,0.7397260273972603,0.8561643835616438,0.24315068493150685,0.2465753424657534,0.5255136986301371,67.0
31,Ново-Переделкино,8.604234500586122,2,0.23244368803102236,9,1.0459965961396007,585.581562181277,196,22.779481427040192,0,2.0126676400468313e-05,1213.0,90.73067285637632,0.2191780821917808,0.6643835616438356,0.952054794520548,0.4452054794520548,0.24315068493150685,0.4452054794520548,0.5234589041095892,68.0
42,Северное Тушино,9.233532116248593,28,3.032425690135127,7,0.7581064225337818,488.41350208120247,312,33.7898862615057,0,0.0,2242.0,451.6121608781742,0.4794520547945205,0.9246575342465754,0.48630136986301364,0.006849315068493178,0.24315068493150685,0.7363013698630136,0.5222602739726027,69.0
121,Перово,9.945866100771292,11,1.105987139636533,12,1.2065314250580361,1049.3938430393298,562,56.50588840688469,1,0.0,822.0,507.8480013878695,0.7876712328767124,0.4589041095890411,0.43150684931506844,0.0821917808219178,0.571917808219178,0.7363013698630136,0.5150684931506849,70.0
14,Кокошкино,8.278330199424262,1,0.12079730765868067,1,0.12079730765868067,1394.9449837599327,938,113.30787458384248,0,0.0,336.0,1536.0900554650034,0.9863013698630136,0.21232876712328766,0.136986301369863,0.5821917808219178,0.24315068493150685,0.7363013698630136,0.5126712328767122,71.0
59,Дорогомилово,7.79909938788134,2,0.2564398657501028,30,3.8465979862515423,125.23929115188459,178,22.82314805175915,2,0.0,1084.0,290.41231622687116,0.22602739726027396,0.6164383561643836,0.7808219178082192,0.410958904109589,0.7054794520547946,0.7363013698630136,0.5118150684931507,72.0
101,Нагатино-Садовники,7.7431765999991296,0,0.0,10,1.2914596316970381,1398.9344941729353,212,27.378944191977208,0,0.0,977.0,487.43160705484036,0.363013698630137,0.5342465753424658,0.4452054794520548,0.8561643835616438,0.24315068493150685,0.7363013698630136,0.5089041095890411,73.0
41,Южное Тушино,7.8882353619404455,10,1.2677106527840818,6,0.7606263916704491,935.0332952401332,334,42.34153580298833,1,0.0,1477.0,869.526323912263,0.6027397260273972,0.8082191780821918,0.1917808219178082,0.06849315068493156,0.571917808219178,0.7363013698630136,0.496917808219178,74.0
69,Гагаринский,5.5375764282404765,2,0.3611688300680457,12,2.1670129804082743,1164.7212259330142,166,29.977012895647793,0,0.0,1357.0,520.2079105955615,0.3972602739726027,0.7465753424657534,0.4178082191780822,0.3287671232876712,0.24315068493150685,0.7363013698630136,0.4876712328767123,75.0
39,Воскресенское,24.785317020751314,0,0.0,0,0.0,3991.3905831397415,1954,78.8369984682475,0,1.8942273048365936e-05,123.0,2891.1180935490725,0.9246575342465754,0.11643835616438356,0.0821917808219178,0.8561643835616438,0.24315068493150685,0.452054794520548,0.48613013698630136,76.0
89,Останкинский,12.507797345528493,1,0.07995012809809375,4,0.319800512392375,1625.6745224656488,202,16.149925875814937,1,0.0023771056796310142,2832.0,587.9470263605364,0.1232876712328767,0.9657534246575342,0.34931506849315064,0.6506849315068493,0.571917808219178,0.20547945205479456,0.4847602739726027,77.0
51,Рязановское,40.62203336244002,1,0.024617182283263567,1,0.024617182283263567,3322.811235230131,6778,166.85526151596045,0,0.0030309872902619045,169.0,1791.0629172409401,0.9931506849315068,0.136986301369863,0.12328767123287676,0.7054794520547945,0.24315068493150685,0.18493150684931503,0.4840753424657534,78.0
34,Митино,12.537249258562866,31,2.472631704185604,20,1.5952462607649058,139.09726557621676,337,26.87989949388866,0,0.0013277946988135018,1482.0,316.84707349348304,0.3561643835616438,0.815068493150685,0.7054794520547945,0.013698630136986356,0.24315068493150685,0.2808219178082192,0.4799657534246576,79.0
7,Марушкинское,50.42632519483855,3,0.05949273496350412,1,0.019830911654501373,3495.419461576743,5366,106.41267193805437,0,0.004417527972062526,147.0,1458.0023628518106,0.9794520547945206,0.13013698630136986,0.14383561643835618,0.6643835616438356,0.24315068493150685,0.17123287671232879,0.475513698630137,80.0
119,Лосиноостровский,5.367062253873463,6,1.117930017612473,1,0.18632166960207883,2119.743047138335,244,45.462487382907234,1,0.0,1237.0,1139.7819714915747,0.6575342465753424,0.6712328767123288,0.15068493150684936,0.07534246575342463,0.571917808219178,0.7363013698630136,0.471917808219178,81.0
44,Покровское-Стрешнево,13.084860792592597,2,0.1528483972204129,16,1.2227871777633033,449.8814152114782,306,23.385804774723173,1,0.0,767.0,300.56042156469306,0.23972602739726026,0.410958904109589,0.7465753424657534,0.5410958904109588,0.571917808219178,0.7363013698630136,0.47054794520547943,82.0
86,Чертаново Северное,6.207807694767686,0,0.0,13,2.094137035036891,885.9210163996988,163,26.257256670077943,0,0.0,932.0,596.8307985721983,0.3219178082191781,0.5205479452054794,0.3287671232876712,0.8561643835616438,0.24315068493150685,0.7363013698630136,0.46986301369863015,83.0
0,Киевский,61.248444959135966,0,0.0,2,0.03265389025524435,3886.0738198350195,3877,63.29956625979118,1,0.0,37.0,1961.7353177724779,0.8287671232876712,0.0273972602739726,0.10273972602739723,0.8561643835616438,0.571917808219178,0.7363013698630136,0.4698630136986301,84.0
19,Старое Крюково,4.401139455916875,0,0.0,1,0.22721388631655468,1571.715271039591,104,23.630244176921686,0,0.0,84.0,0.0,0.2465753424657534,0.07876712328767123,0.9794520547945206,0.8561643835616438,0.24315068493150685,0.7363013698630136,0.4669520547945205,85.0
13,Силино,9.627792227152858,0,0.0,0,0.0,1477.6761710799349,295,30.640461804734827,0,0.033393171888224445,27.0,0.0,0.4178082191780822,0.0136986301369863,0.9794520547945206,0.8561643835616438,0.24315068493150685,0.0273972602739726,0.46660958904109584,86.0
98,Южное Медведково,3.885151618791476,2,0.5147804246111055,0,0.0,1516.84047764867,176,45.30067736577729,0,0.0030236690656510763,1025.0,583.0501316051997,0.6506849315068494,0.5582191780821918,0.363013698630137,0.23287671232876717,0.24315068493150685,0.1917808219178082,0.464041095890411,87.0
74,Восточное Дегунино,3.892506214296825,2,0.5138077860105091,3,0.7707116790157637,640.9083479971015,163,41.87533455985649,0,0.0,772.0,463.6824908097369,0.5958904109589042,0.4178082191780822,0.4657534246575342,0.23972602739726023,0.24315068493150685,0.7363013698630136,0.4613013698630137,88.0
91,Бибирево,6.4139995685058615,2,0.3118179193245408,12,1.8709075159472446,1228.1753672764985,212,33.05269944840132,2,0.0021312274242218984,924.0,484.41685684828093,0.4657534246575342,0.5068493150684932,0.45890410958904104,0.37671232876712324,0.7054794520547946,0.2191780821917808,0.46095890410958906,89.0
40,Головинский,8.817974359251888,1,0.1134047298460096,5,0.567023649230048,1106.550630460109,374,42.41336896240759,3,0.01739196557393403,730.0,679.292941078405,0.6095890410958904,0.3698630136986301,0.26712328767123283,0.595890410958904,0.7808219178082192,0.06164383561643838,0.4602739726027397,90.0
132,Измайлово,15.048012637133668,1,0.0664539580151814,20,1.329079160303628,619.2406471238476,479,31.831445889271894,8,0.0014984522635470684,605.0,506.7345429914143,0.4383561643835616,0.3013698630136986,0.4383561643835616,0.6575342465753424,0.9691780821917808,0.26712328767123283,0.45496575342465745,91.0
96,Даниловский,12.497491179153583,12,0.9601927161202224,28,2.2404496709471857,849.571876750424,429,34.32688960129795,2,5.523113152953931e-05,742.0,326.29258572822323,0.4931506849315068,0.3904109589041096,0.678082191780822,0.10273972602739723,0.7054794520547946,0.4246575342465754,0.45308219178082193,92.0
138,Выхино-Жулебино,15.136709201405358,11,0.7267101358450297,30,1.9819367341228085,1035.4988502439633,577,38.119249852962014,3,0.029591740900707833,616.0,323.20706920087633,0.547945205479452,0.3150684931506849,0.6849315068493151,0.18493150684931503,0.7808219178082192,0.04109589041095896,0.448972602739726,93.0
144,Некрасовка,11.325491621165465,1,0.08829638778162759,12,1.059556653379531,867.0130088550474,210,18.542241434141793,0,0.0,690.0,224.06335246164522,0.1506849315068493,0.3424657534246575,0.8424657534246576,0.6438356164383562,0.24315068493150685,0.7363013698630136,0.4448630136986302,94.0
118,Орехово-Борисово Северное,7.466071788083012,2,0.26787848506791817,9,1.2054531828056316,844.0698892644558,146,19.555129409958024,0,0.0011496952457378104,1270.0,357.18311264867,0.1917808219178082,0.7054794520547946,0.6164383561643836,0.3972602739726028,0.24315068493150685,0.3082191780821918,0.4443493150684932,95.0
117,Лефортово,8.991167689047579,3,0.33366077730419746,17,1.8907444047237856,681.5192208160254,287,31.920214362101557,5,0.008794939499318003,696.0,373.7582592065175,0.4452054794520548,0.3493150684931507,0.5821917808219178,0.3561643835616438,0.8801369863013698,0.11643835616438358,0.4405821917808219,96.0
47,Тропарёво-Никулино,11.265525635693571,1,0.08876638626000821,19,1.686561338940156,906.46520031458,212,18.81847388712174,5,0.07111685421847379,1101.0,458.2994986174109,0.15753424657534246,0.6232876712328768,0.4794520547945206,0.636986301369863,0.8801369863013698,0.0,0.43852739726027395,97.0
67,Северный,10.526027513912489,1,0.095002601758192,5,0.47501300879096003,1146.4517200806306,439,41.70614217184629,0,0.009425086435456443,735.0,644.0451251971989,0.5753424657534246,0.3767123287671233,0.2808219178082192,0.6232876712328768,0.24315068493150685,0.1095890410958904,0.4340753424657534,98.0
57,Южное Бутово,26.005897357120467,1,0.03845281653879165,10,0.3845281653879165,1680.6877129189097,1356,52.14201922660148,0,0.0069595408680162615,341.0,1068.9371525497372,0.7465753424657534,0.2191780821917808,0.15753424657534243,0.6917808219178082,0.24315068493150685,0.14383561643835618,0.43339041095890407,99.0
120,Нижегородский,7.5339356167298215,3,0.3981982528943059,14,1.8582585135067609,348.93804482322264,201,26.679282943918494,2,0.012964970305242617,439.0,178.779636483185,0.3356164383561644,0.2671232876712329,0.8904109589041096,0.3013698630136986,0.7054794520547946,0.07534246575342463,0.4297945205479452,100.0
113,Ярославский,8.352266846834157,0,0.0,1,0.11972797545124411,1070.29628122391,204,24.4245069920538,4,0.0015908774298982618,729.0,593.2842838354056,0.273972602739726,0.363013698630137,0.3356164383561644,0.8561643835616438,0.8321917808219178,0.2534246575342466,0.42277397260273974,101.0
55,Западное Дегунино,7.602682890917258,6,0.7891950889031628,4,0.5261300592687752,1753.5786585718333,254,33.40925876356722,0,0.0015057677892262328,1130.0,588.3245402403628,0.4726027397260274,0.636986301369863,0.34246575342465757,0.1643835616438356,0.24315068493150685,0.26027397260273977,0.41934931506849316,102.0
37,Солнцево,11.261912318615115,2,0.17758973284618337,6,0.5327691985385501,424.2656873142508,369,32.765305710120835,1,0.0,366.0,571.5344746294169,0.4589041095890411,0.22602739726027396,0.3835616438356164,0.5205479452054795,0.571917808219178,0.7363013698630136,0.4143835616438356,103.0
15,Крюково,10.639842114077668,0,0.0,0,0.0,1222.5211317316525,206,19.361189554442692,0,0.013318714245403986,84.0,0.0,0.1780821917808219,0.07876712328767123,0.9794520547945206,0.8561643835616438,0.24315068493150685,0.06849315068493156,0.413013698630137,104.0
30,Можайский,16.870714410867294,3,0.17782293783999722,3,0.17782293783999722,2426.744552847169,615,36.45370225719943,1,0.009992052881046527,892.0,1918.4631957796091,0.5205479452054794,0.4863013698630137,0.1095890410958904,0.5136986301369864,0.571917808219178,0.09589041095890416,0.41010273972602745,105.0
35,Куркино,7.723979783282266,0,0.0,0,0.0,4027.8874544352257,272,35.21500672344005,0,0.0007009687619455665,611.0,2890.8253537079527,0.5136986301369864,0.3082191780821918,0.08904109589041098,0.8561643835616438,0.24315068493150685,0.3287671232876712,0.40599315068493147,106.0
32,Строгино,16.776191025018132,2,0.11921657288102072,7,0.4172580050835725,655.8741304857798,419,24.975872018573842,0,0.0003629751282003773,992.0,611.0130750767268,0.2876712328767123,0.541095890410959,0.31506849315068497,0.589041095890411,0.24315068493150685,0.37671232876712324,0.4039383561643836,107.0
9,Матушкино,4.682062542563431,1,0.21358108545310026,1,0.21358108545310026,693.7038838904975,111,23.70750048529413,0,0.0,27.0,0.0,0.2602739726027397,0.0136986301369863,0.9794520547945206,0.45890410958904104,0.24315068493150685,0.7363013698630136,0.3952054794520548,108.0
48,Левобережный,6.406156474750569,1,0.15609983988705742,8,1.2487987190964593,574.7453092254185,165,25.756473581364475,0,0.0,793.0,617.0211440113721,0.3082191780821918,0.4452054794520548,0.3013698630136986,0.5342465753424658,0.24315068493150685,0.7363013698630136,0.39315068493150684,109.0
33,Молжаниновский,15.874256079979354,0,0.0,0,0.0,3627.4710631331113,719,45.29346108425228,0,0.008467353185282871,179.0,3201.212125840907,0.6438356164383562,0.1506849315068493,0.07534246575342463,0.8561643835616438,0.24315068493150685,0.12328767123287676,0.39263698630136984,110.0
22,Филимонковское,35.74628753393747,0,0.0,0,0.0,4921.620930423549,1541,43.10937180642821,0,0.0003145898353290137,136.0,3736.754933884528,0.6232876712328768,0.1232876712328767,0.06164383561643838,0.8561643835616438,0.24315068493150685,0.3835616438356164,0.38989726027397253,111.0
11,Савёлки,7.671740801535482,0,0.0,0,0.0,3566.9065314792897,107,13.94729081287316,1,0.030510334132536142,27.0,0.0,0.08904109589041095,0.0136986301369863,0.9794520547945206,0.8561643835616438,0.571917808219178,0.03424657534246578,0.38476027397260276,112.0
38,Сосенское,66.77559370460682,1,0.014975531395852051,39,0.58404572443823,277.620119188931,1786,26.746299072991764,3,0.027864086942239165,182.0,529.0874357111253,0.3424657534246575,0.1643835616438356,0.410958904109589,0.7123287671232876,0.7808219178082192,0.047945205479452024,0.37431506849315066,113.0
46,Очаково-Матвеевское,17.563127389527935,1,0.05693746778812599,13,0.7401870812456378,1067.759324199635,339,19.301801580174708,5,0.0068632455708550226,630.0,508.78647535137026,0.17123287671232876,0.3253424657534247,0.4246575342465754,0.6712328767123288,0.8801369863013698,0.15068493150684936,0.3698630136986301,114.0
103,Царицыно,8.282006659330793,4,0.48297473843412847,16,1.9318989537365139,849.0153659685936,352,42.5017769822033,0,0.0441631913678367,534.0,812.8953856439971,0.6164383561643836,0.2876712328767123,0.2191780821917808,0.26027397260273977,0.24315068493150685,0.006849315068493178,0.3522260273972602,115.0
122,Орехово-Борисово Южное,7.11215366499501,14,1.9684614055663576,11,1.5466482472307095,1050.3563526714718,208,29.2457123112716,0,0.001320932339339574,1081.0,725.5443111512333,0.3904109589041096,0.6095890410958904,0.2534246575342466,0.03424657534246578,0.24315068493150685,0.28767123287671237,0.35188356164383566,116.0
71,Северное Бутово,8.866600369923438,8,0.9022623853824461,12,1.3533935780736692,309.8172351069681,169,19.060292891204174,0,0.002314286964085993,896.0,326.6277637405435,0.1643835616438356,0.4931506849315068,0.6712328767123288,0.12328767123287676,0.24315068493150685,0.21232876712328763,0.34811643835616435,117.0
36,Крылатское,12.162896217060494,3,0.24665177984434322,10,0.8221725994811441,1078.2990560310673,288,23.67857086505695,1,0.0,428.0,580.2772907862472,0.2534246575342466,0.2602739726027397,0.36986301369863017,0.4246575342465754,0.571917808219178,0.7363013698630136,0.3441780821917808,118.0
124,Вешняки,10.5180519958137,2,0.19014927866833345,4,0.3802985573366669,1598.476539511075,213,20.25089817817751,2,0.0055897115522551425,728.0,572.2689205910406,0.19863013698630136,0.3561643835616438,0.37671232876712324,0.5068493150684932,0.7054794520547946,0.15753424657534243,0.34315068493150686,119.0
70,Тимирязевский,10.506610180609256,15,1.4276726500887638,19,1.8083853567791006,1238.6112055922408,315,29.981125651864037,6,1.3175240113311004e-05,746.0,824.1799249698931,0.4041095890410959,0.3972602739726027,0.21232876712328763,0.0547945205479452,0.928082191780822,0.4657534246575342,0.3409246575342466,120.0
129,Братеево,7.565791054523854,1,0.13217388542630512,10,1.321738854263051,14.172841276702524,96,12.68869300092529,1,0.0014035676334548134,640.0,401.20953936532237,0.07534246575342465,0.3356164383561644,0.5273972602739726,0.5547945205479452,0.571917808219178,0.273972602739726,0.33749999999999997,121.0
12,Внуковское,25.563278935994788,1,0.03911861238551577,9,0.3520675114696419,1102.8715099100234,664,25.974758623982467,0,0.012093584151535379,289.0,586.2322724848965,0.3150684931506849,0.1917808219178082,0.3561643835616438,0.6849315068493151,0.24315068493150685,0.0821917808219178,0.33270547945205475,122.0
58,Ясенево,24.818766790857076,5,0.2014604529763315,24,0.9670101742863912,1048.7929608508339,144,5.8020610457183475,0,0.0007268563414744347,759.0,397.6282783366298,0.04794520547945205,0.4041095890410959,0.5410958904109588,0.4794520547945206,0.24315068493150685,0.32191780821917804,0.32380136986301367,123.0
102,Москворечье-Сабурово,10.052958894640073,1,0.09947320092327933,6,0.596839205539676,1097.41740856512,168,16.711497755110926,1,0.0,461.0,785.9921151684941,0.13013698630136986,0.2808219178082192,0.23287671232876717,0.6164383561643836,0.571917808219178,0.7363013698630136,0.3136986301369863,124.0
135,Гольяново,14.370240013588402,5,0.3479413005817602,5,0.3479413005817602,1515.8579443440085,380,26.443538844213776,0,4.480440747377913e-06,446.0,634.5280278473724,0.3287671232876712,0.273972602739726,0.29452054794520544,0.34246575342465757,0.24315068493150685,0.4726027397260274,0.31318493150684923,125.0
110,Бирюлёво Восточное,14.820194452546978,2,0.13495099584582596,1,0.06747549792291298,693.3625940847586,225,15.18198703265542,0,0.0,779.0,829.4563421822829,0.0958904109589041,0.4246575342465753,0.20547945205479456,0.547945205479452,0.24315068493150685,0.7363013698630136,0.30719178082191784,126.0
92,Бирюлёво Западное,8.476731101616236,0,0.0,2,0.2359400075364742,1217.0860759015752,132,15.572040497407297,4,0.009695958769091441,319.0,1013.439844412968,0.11643835616438356,0.2054794520547945,0.17123287671232879,0.8561643835616438,0.8321917808219178,0.10273972602739723,0.2957191780821918,127.0
26,Московский,40.368470776243605,1,0.02477180781860305,23,0.5697515798278701,2158.6406506020426,786,19.470640945421994,0,0.0011851677255950762,299.0,643.7581266204797,0.18493150684931506,0.19863013698630136,0.28767123287671237,0.6986301369863014,0.24315068493150685,0.3013698630136986,0.2946917808219178,128.0
141,Ивановское,10.126764811746826,6,0.5924893202852042,0,0.0,2204.073625635839,242,23.897069251503233,0,0.0006056916720953619,819.0,953.7364154825243,0.2671232876712329,0.4520547945205479,0.18493150684931503,0.21232876712328763,0.24315068493150685,0.34931506849315064,0.2916095890410959,129.0
114,Печатники,18.446465144575242,2,0.1084218566714481,23,1.246851351721653,73.42494699754896,240,13.010622800573772,1,0.0,181.0,606.4182132057103,0.0821917808219178,0.15753424657534246,0.32191780821917804,0.6095890410958904,0.571917808219178,0.7363013698630136,0.28527397260273973,130.0
23,Троицк,16.314429757858427,2,0.12259086156760267,0,0.0,5790.0968156997205,414,25.376308344493754,0,0.0,201.0,4161.527796254499,0.3013698630136986,0.17123287671232876,0.0547945205479452,0.5753424657534247,0.24315068493150685,0.7363013698630136,0.27945205479452057,131.0
139,Восточный,3.5096545794224663,0,0.0,0,0.0,4403.369048820435,62,17.66555613863358,0,0.0,284.0,3287.496141495335,0.136986301369863,0.18493150684931506,0.06849315068493156,0.8561643835616438,0.24315068493150685,0.7363013698630136,0.27842465753424656,132.0
8,Первомайское,118.71762616563537,0,0.0,0,0.0,9687.56977201931,2927,24.655142581070788,0,0.0005575774233799449,89.0,4422.834309872124,0.2808219178082192,0.09246575342465753,0.047945205479452024,0.8561643835616438,0.24315068493150685,0.3561643835616438,0.27534246575342464,133.0
116,Метрогородок,27.456360406126258,0,0.0,4,0.14568573331764292,2680.33789690707,154,5.608900732729253,4,0.0001672308799216017,174.0,997.90714372488,0.0410958904109589,0.14383561643835616,0.17808219178082196,0.8561643835616438,0.8321917808219178,0.410958904109589,0.27448630136986296,134.0
127,Люблино,17.81768924637026,17,0.9541080083357703,9,0.5051160044130548,1136.6382071553317,448,25.143552219672063,4,0.010616049096428075,397.0,730.8770498677129,0.2945205479452055,0.23972602739726026,0.2465753424657534,0.1095890410958904,0.8321917808219178,0.08904109589041098,0.2601027397260274,135.0
10,Внуково,15.295827041522749,5,0.3268865414355675,6,0.392263849722681,792.5680942064525,234,15.298290139184559,0,0.0,415.0,794.6857328975049,0.1095890410958904,0.2465753424657534,0.226027397260274,0.363013698630137,0.24315068493150685,0.7363013698630136,0.24315068493150688,136.0
27,Десёновское,52.952307226270634,0,0.0,2,0.03776983675996959,2150.8561980934287,950,17.940672460985557,0,0.0074215247136503425,89.0,1815.4595450113823,0.14383561643835616,0.09246575342465753,0.11643835616438358,0.8561643835616438,0.24315068493150685,0.13013698630136983,0.23664383561643834,137.0
145,Кунцево,52.808731913556606,5,0.09468131157143811,10,0.18936262314287622,11196.428096542615,563,10.661115682943931,2,4.537912437918179e-05,105.0,1628.9590263138336,0.0684931506849315,0.1095890410958904,0.13013698630136983,0.6301369863013699,0.7054794520547946,0.43150684931506844,0.22534246575342468,138.0
2,Новофёдоровское,150.706781384358,0,0.0,0,0.0,5545.3935988143985,2291,15.201704786973739,0,0.0004181180573245345,49.0,4618.205167875095,0.10273972602739725,0.0410958904109589,0.04109589041095896,0.8561643835616438,0.24315068493150685,0.363013698630137,0.20804794520547942,139.0
137,Капотня,8.09841987352582,1,0.12348087844507234,0,0.0,2816.2571916203246,74,9.137585004935353,0,0.002119820598309238,389.0,2592.2713620219774,0.06164383561643835,0.2328767123287671,0.09589041095890416,0.5684931506849316,0.24315068493150685,0.226027397260274,0.20462328767123286,140.0
25,Щаповское,86.79912744482071,0,0.0,0,0.0,13935.139045592201,334,3.84796494886804,0,0.000697494196661224,91.0,10659.052706614844,0.03424657534246575,0.10273972602739725,0.013698630136986356,0.8561643835616438,0.24315068493150685,0.3356164383561644,0.19606164383561642,141.0
5,Вороновское,206.05550263579656,0,0.0,1,0.004853061370399322,5445.111573150693,400,1.941224548159729,0,0.00020657140267159354,72.0,6553.504138582381,0.02054794520547945,0.0684931506849315,0.03424657534246578,0.8561643835616438,0.24315068493150685,0.3972602739726028,0.19058219178082192,142.0
6,Михайлово-Ярцевское,64.74942907322428,0,0.0,0,0.0,14083.020478200577,91,1.4054177975390223,0,0.0,41.0,13268.143573525324,0.0136986301369863,0.03424657534246575,0.0,0.8561643835616438,0.24315068493150685,0.7363013698630136,0.19006849315068491,143.0
17,Краснопахорское,86.99986894345571,0,0.0,0,0.0,11695.140888124539,549,6.310354333485428,0,0.000961478159843297,50.0,8932.724308979323,0.0547945205479452,0.04794520547945205,0.020547945205479423,0.8561643835616438,0.24315068493150685,0.31506849315068497,0.1888698630136986,144.0
3,Роговское,178.0157112125297,0,0.0,0,0.0,6675.840378999904,210,1.179671156942349,0,0.0002212672674350305,54.0,6869.507882756719,0.00684931506849315,0.0547945205479452,0.0273972602739726,0.8561643835616438,0.24315068493150685,0.3904109589041096,0.18133561643835616,145.0
20,Клёновское,118.12152682028035,0,0.0,0,0.0,14487.409449595232,305,2.5820865020145876,0,0.0017968603999026906,70.0,12565.985871852252,0.0273972602739726,0.06164383561643835,0.006849315068493178,0.8561643835616438,0.24315068493150685,0.23972602739726023,0.1775684931506849,146.0
