district_name,demand_total_base,share_10min_base,share_15min_base,mean_time_min_base,p50_time_min_base,p90_time_min_base,demand_total_mean,share_10min_mean,share_15min_mean,mean_time_min_mean,p50_time_min_mean,p90_time_min_mean,demand_total_eff,share_10min_eff,share_15min_eff,mean_time_min_eff,p50_time_min_eff,p90_time_min_eff,demand_total_keep,share_10min_keep,share_15min_keep,mean_time_min_keep,p50_time_min_keep,p90_time_min_keep,delta_mean_minus_base,delta_eff_minus_base,delta_keep_minus_base,delta_share10_mean_minus_base,delta_share10_eff_minus_base,delta_share10_keep_minus_base
Арбат,2548737.1021898966,0.0,0.0,108.16409052451854,108.77976727394913,116.90681246460126,2548737.1021898966,0.0,0.0,30.367336126832196,30.289341000159816,39.89721816289135,2548737.1021898966,0.0,0.24940859425500467,19.96817917500271,20.06139836814306,27.212554798985355,2548737.1021898966,0.0,0.24940859425500467,19.96817917500271,20.06139836814306,27.212554798985355,-77.79675439768634,-88.19591134951582,-88.19591134951582,0.0,0.0,0.0
Марфино,1962594.177196972,0.0,0.0,51.29697265836857,53.9522453053856,58.24682816165487,1962594.177196972,0.0,0.0,41.39446990543099,41.365088000021586,44.23151053543033,1962594.177196972,0.0,0.0,41.39446990543099,41.365088000021586,44.23151053543033,1962594.177196972,0.0,0.0,41.39446990543099,41.365088000021586,44.23151053543033,-9.902502752937579,-9.902502752937579,-9.902502752937579,0.0,0.0,0.0
Сокол,4293592.275901007,0.0,0.0,105.13415747702571,105.21418227280455,118.27955519878891,4293592.275901007,0.4074419716319375,0.7575353617362647,12.491793432359898,10.803278841620934,22.915307835010505,4293592.275901007,0.0,0.0,24.856415206872047,24.941107405216833,35.34727592402377,4293592.275901007,0.0,0.0,24.856415206872047,24.941107405216833,35.34727592402377,-92.64236404466581,-80.27774227015367,-80.27774227015367,0.4074419716319375,0.0,0.0
Бескудниковский,5750658.984284876,0.4831843929428865,0.7228152370714602,11.135808751828296,10.190606710935382,18.371308528424816,5750658.984284876,0.0,0.0,34.750504380168046,34.37820649728907,41.61053212644347,5750658.984284876,0.14324030778026708,0.21753638977576825,22.838737921911182,24.89446229418104,33.651933715747056,5750658.984284876,0.0,0.0,34.750504380168046,34.37820649728907,41.61053212644347,23.61469562833975,11.702929170082886,23.61469562833975,-0.4831843929428865,-0.3399440851626194,-0.4831843929428865
Замоскворечье,4620691.88370693,0.0,0.0,117.0941902789155,117.68507063062849,131.83200583933166,4620691.88370693,0.0,0.05912325591210931,28.66587141186897,29.827914525117105,36.58945733506035,4620691.88370693,0.09836608238463271,0.1782025529999367,26.820270667427593,29.170891365306446,39.52019689256882,4620691.88370693,0.09836608238463271,0.1782025529999367,26.820270667427593,29.170891365306446,39.52019689256882,-88.42831886704653,-90.27391961148791,-90.27391961148791,0.0,0.09836608238463271,0.09836608238463271
Ломоносовский,7743524.912517268,0.42237022921350753,0.629722333610895,13.286768982180716,13.373811742352865,22.726946137777393,7743524.912517268,0.4001138769966099,0.7367097701771441,11.977584813345,11.250049949031988,19.41873195387537,7743524.912517268,0.4001138769966099,0.7367097701771441,11.977584813345,11.250049949031988,19.41873195387537,7743524.912517268,0.4001138769966099,0.7367097701771441,11.977584813345,11.250049949031988,19.41873195387537,-1.3091841688357153,-1.3091841688357153,-1.3091841688357153,-0.022256352216897646,-0.022256352216897646,-0.022256352216897646
Тверской,6737191.105994412,0.0,0.0,128.06421161991491,128.50263092234482,138.0889812001926,6737191.105994412,0.043661722172719096,0.08973005382756645,31.170039715421133,33.97052110487603,40.149232050186875,6737191.105994412,0.0,0.0,37.82373578409762,37.51451706903799,47.05446718861167,6737191.105994412,0.0,0.0,37.82373578409762,37.51451706903799,47.05446718861167,-96.89417190449379,-90.24047583581729,-90.24047583581729,0.043661722172719096,0.0,0.0
Басманный,9485104.961060634,0.0,0.0,121.55726789279355,121.37412755080166,147.8910277425671,9485104.961060634,0.0,0.0,39.23318146527771,39.177453768108634,49.41672934582827,9485104.961060634,0.0,0.0,42.92238360695764,43.34285850305003,50.95666236232536,9485104.961060634,0.0,0.0,42.92238360695764,43.34285850305003,50.95666236232536,-82.32408642751584,-78.63488428583591,-78.63488428583591,0.0,0.0,0.0
Аэропорт,6165003.195140282,0.0,0.0,102.47489387892874,100.63759067006319,114.07203548935858,6165003.195140282,0.0,0.07684604237646861,26.80605615978587,28.242876566077985,35.27617372689651,6165003.195140282,0.0,0.0,37.79591668626821,36.82513040118287,45.86200237324229,6165003.195140282,0.0,0.0,37.79591668626821,36.82513040118287,45.86200237324229,-75.66883771914287,-64.67897719266054,-64.67897719266054,0.0,0.0,0.0
Мещанский,5224528.65047956,0.0,0.0,120.13175443461775,118.41418441938939,137.2333826236523,5224528.65047956,0.0,0.0,45.056158618277664,48.25615659788655,57.1401458024945,5224528.65047956,0.0,0.0,47.604805920016126,47.1785843215381,56.760416530901814,5224528.65047956,0.0,0.0,47.604805920016126,47.1785843215381,56.760416530901814,-75.07559581634008,-72.52694851460163,-72.52694851460163,0.0,0.0,0.0
Алексеевский,5509109.306186677,0.0,0.0,75.28559866555845,74.97703972010328,86.3720529175703,5509109.306186677,0.0,0.0,62.9912494081679,62.43122123103043,68.06461042137599,5509109.306186677,0.35100013305359984,0.5493962166721095,14.89436103124268,12.820201446994217,25.854803888978648,5509109.306186677,0.35100013305359984,0.5493962166721095,14.89436103124268,12.820201446994217,25.854803888978648,-12.29434925739055,-60.39123763431577,-60.39123763431577,0.0,0.35100013305359984,0.35100013305359984
Хамовники,9886214.639259288,0.0,0.0,91.6919585100516,89.64982684819235,109.38479970495396,9886214.639259288,0.0,0.0,36.840334739730366,36.37549236342729,47.47390011400873,9886214.639259288,0.0,0.0,38.872236761315676,38.27617611886644,48.74300025505777,9886214.639259288,0.0,0.0,38.872236761315676,38.27617611886644,48.74300025505777,-54.85162377032124,-52.81972174873593,-52.81972174873593,0.0,0.0,0.0
Академический,8236604.654585702,0.0,0.0,38.14703688429964,38.14968609981466,52.77724998414671,8236604.654585702,0.0,0.0,44.85501387727408,46.23006639272126,56.02858324035553,8236604.654585702,0.27019667099093136,0.4232928699401697,16.145460654412606,17.28044701473174,25.320231335656256,8236604.654585702,0.0,0.0,45.257987747842286,46.23006639272126,56.20979128843353,6.707976992974444,-22.001576229887032,7.110950863542648,0.0,0.27019667099093136,0.0
Якиманка,3915005.715678209,0.0,0.0,101.2778679471517,102.6429971867351,118.32010342918548,3915005.715678209,0.33012007029085133,0.42894985977073746,16.804288989817945,19.099695092254915,26.950277995662397,3915005.715678209,0.20468717805706205,0.42894985977073746,20.361488035596995,20.771914767994176,36.150720918643835,3915005.715678209,0.20468717805706205,0.42894985977073746,20.361488035596995,20.771914767994176,36.150720918643835,-84.47357895733376,-80.91637991155471,-80.91637991155471,0.33012007029085133,0.20468717805706205,0.20468717805706205
Щукино,8242784.150541633,0.0,0.0,111.55873937477968,110.7744118952602,127.08655055253568,8242784.150541633,0.22723514543725654,0.2949496040832387,21.122762927193076,24.2283350349426,36.245766109530514,8242784.150541633,0.1867193495713009,0.31779070001811865,27.32867708066656,28.627572947057,50.59146705387543,8242784.150541633,0.1867193495713009,0.31779070001811865,27.32867708066656,28.627572947057,50.59146705387543,-90.4359764475866,-84.23006229411311,-84.23006229411311,0.22723514543725654,0.1867193495713009,0.1867193495713009
Савёловский,4298675.357309535,0.0,0.0,99.63299563295095,100.93519076609597,106.51130532822276,4298675.357309535,0.14125021734772536,0.3117180111981854,18.03488841447093,19.39228915129174,25.5414920533644,4298675.357309535,0.14125021734772536,0.3117180111981854,18.03488841447093,19.39228915129174,25.5414920533644,4298675.357309535,0.14125021734772536,0.3117180111981854,18.03488841447093,19.39228915129174,25.5414920533644,-81.59810721848002,-81.59810721848002,-81.59810721848002,0.14125021734772536,0.14125021734772536,0.14125021734772536
Бабушкинский,5505400.279318085,0.0,0.0,48.91694866504909,49.730163473778454,59.89864650592852,5505400.279318085,0.27491003937415065,0.4198398510181931,17.165861550505728,17.19751939216919,27.78940281918029,5505400.279318085,0.2640598738069995,0.5920533061561535,13.386543339107174,13.152378307020507,19.76066944136202,5505400.279318085,0.2640598738069995,0.5920533061561535,13.386543339107174,13.152378307020507,19.76066944136202,-31.751087114543363,-35.53040532594191,-35.53040532594191,0.27491003937415065,0.2640598738069995,0.2640598738069995
Черёмушки,9127049.49841534,0.3601216820469817,0.5927535644150261,13.235011366970946,13.537826242614875,22.519289646066344,9127049.49841534,0.0,0.016453271354597777,33.435578557477676,35.064902225768904,43.97077254136842,9127049.49841534,0.0,0.016453271354597777,31.06180518223533,29.06066936618867,41.96559298422717,9127049.49841534,0.0,0.016453271354597777,33.435578557477676,35.064902225768904,43.97077254136842,20.20056719050673,17.82679381526438,20.20056719050673,-0.3601216820469817,-0.3601216820469817,-0.3601216820469817
Преображенское,5695164.443479525,0.0,0.0,73.81321885920694,74.4710771837822,85.46974539521385,5695164.443479525,0.2896767313538889,0.5992648799335257,13.559391590655961,12.890112333409837,20.941851999557684,5695164.443479525,0.2896767313538889,0.5992648799335257,13.559391590655961,12.890112333409837,20.941851999557684,5695164.443479525,0.2896767313538889,0.5992648799335257,13.559391590655961,12.890112333409837,20.941851999557684,-60.25382726855098,-60.25382726855098,-60.25382726855098,0.2896767313538889,0.2896767313538889,0.2896767313538889
Лианозово,5435832.82751196,0.0,0.0,55.68099253395612,55.32324199823361,64.02970189359301,5435832.82751196,0.0,0.0,52.33148924254751,51.077584265777105,68.46105672465696,5435832.82751196,0.0,0.0,48.5928179774342,49.113024352488374,58.82922973390672,5435832.82751196,0.0,0.0,52.33148924254751,51.077584265777105,68.46105672465696,-3.3495032914086096,-7.0881745565219205,-3.3495032914086096,0.0,0.0,0.0
Зюзино,7570913.155562031,0.0,0.0637239741085966,29.54809354314608,29.687772778516607,43.80471052469569,7570913.155562031,0.09679154490485156,0.19449145521401065,24.302387096545406,26.572736563449507,35.6789706480719,7570913.155562031,0.09679154490485156,0.19449145521401065,24.052914086798133,26.572736563449507,34.92298915982972,7570913.155562031,0.09679154490485156,0.19449145521401065,24.302387096545406,26.572736563449507,35.6789706480719,-5.245706446600675,-5.495179456347948,-5.245706446600675,0.09679154490485156,0.09679154490485156,0.09679154490485156
Текстильщики,6202199.871460068,0.0,0.0,82.23756681148699,80.55210044206022,101.7637436195716,6202199.871460068,0.0,0.0,37.68888005001273,33.98824588460017,58.17337969361626,6202199.871460068,0.0,0.04886586652289893,30.620189152822284,27.50228290160781,49.453370764334004,6202199.871460068,0.0,0.04886586652289893,30.620189152822284,27.50228290160781,49.453370764334004,-44.54868676147426,-51.6173776586647,-51.6173776586647,0.0,0.0,0.0
Ховрино,8859950.430398973,0.40430880892896365,0.7129223559801029,12.567850421481385,12.054226099115175,20.94142676195232,8859950.430398973,0.2909240575710973,0.48666016815061536,16.688593060133446,15.028453737699325,29.63277069394452,8859950.430398973,0.2909240575710973,0.48666016815061536,16.688593060133446,15.028453737699325,29.63277069394452,8859950.430398973,0.2909240575710973,0.48666016815061536,16.688593060133446,15.028453737699325,29.63277069394452,4.120742638652061,4.120742638652061,4.120742638652061,-0.11338475135786635,-0.11338475135786635,-0.11338475135786635
Пресненский,15696062.28703686,0.0,0.0,124.66405750493182,125.16031782337632,133.50425554293426,15696062.28703686,0.060367005998226295,0.08606782955778708,30.447138596779173,28.62129576377794,47.35651570510352,15696062.28703686,0.06535336424861168,0.16853841832602312,22.225346290021623,22.63587023648287,31.331087792765423,15696062.28703686,0.06535336424861168,0.14628163040814932,27.242287952878037,24.405723747027196,44.9051794055662,-94.21691890815265,-102.4387112149102,-97.42176955205377,0.060367005998226295,0.06535336424861168,0.06535336424861168
Свиблово,5292736.187368685,0.0,0.0,28.933543115545348,28.455260093235083,37.95174745988109,5292736.187368685,0.0,0.0,30.94179392270593,30.908229447970644,40.232599268599024,5292736.187368685,0.0,0.0,34.35672440919818,34.60853032549751,43.67802064785174,5292736.187368685,0.0,0.0,34.35672440919818,34.60853032549751,43.67802064785174,2.0082508071605822,5.423181293652831,5.423181293652831,0.0,0.0,0.0
Коптево,5850020.0826031715,0.0,0.0,53.31375512608074,51.144990976650085,68.3655957825644,5850020.0826031715,0.0,0.0,47.897492499111856,48.18263473331737,53.23737852235964,5850020.0826031715,0.0,0.0,53.18371098194971,52.75393193409083,62.728782401690026,5850020.0826031715,0.0,0.0,53.18371098194971,52.75393193409083,62.728782401690026,-5.416262626968887,-0.13004414413103405,-0.13004414413103405,0.0,0.0,0.0
Проспект Вернадского,6160847.982719061,0.0,0.11674787334947896,26.6846652435806,28.353909596615313,37.36413841804128,6160847.982719061,0.10410971867898952,0.2207392333187352,19.872697545332198,20.653487807752324,27.641695793372516,6160847.982719061,0.13009644329333678,0.23695849526267568,19.927975466444256,20.653487807752324,29.70340851058679,6160847.982719061,0.13009644329333678,0.23695849526267568,19.927975466444256,20.653487807752324,29.70340851058679,-6.811967698248402,-6.756689777136344,-6.756689777136344,0.10410971867898952,0.13009644329333678,0.13009644329333678
Южнопортовый,5033063.397813199,0.0,0.0,125.1320749616417,123.87527845237831,139.10741325561034,5033063.397813199,0.09874093624762778,0.25459140412442394,21.298302802003818,19.8404726968177,35.47166085115869,5033063.397813199,0.0,0.0,43.29535730630101,43.110370337971794,59.274560812653064,5033063.397813199,0.0,0.0,43.29535730630101,43.110370337971794,59.274560812653064,-103.83377215963789,-81.83671765534069,-81.83671765534069,0.09874093624762778,0.0,0.0
Северное Измайлово,4747516.943146631,0.0,0.012107670616280885,29.07470141927977,29.315070490863565,37.73088804971734,4747516.943146631,0.18223055819567305,0.27671502350580157,28.18827887354398,31.55348496289854,47.191488264384425,4747516.943146631,0.21646346817160725,0.386935311378413,17.88379314410994,18.308567111083693,28.279535701073527,4747516.943146631,0.21646346817160725,0.386935311378413,17.88379314410994,18.308567111083693,28.279535701073527,-0.8864225457357904,-11.190908275169829,-11.190908275169829,0.18223055819567305,0.21646346817160725,0.21646346817160725
Марьина Роща,4556323.336127144,0.0,0.0,97.4040213382781,97.23154572083023,110.63870426425454,4556323.336127144,0.0,0.0,36.12119524328032,35.582122097934274,45.467243054596906,4556323.336127144,0.0,0.0,35.77314943480856,35.50687834753493,44.58069172640235,4556323.336127144,0.0,0.0,35.77314943480856,35.50687834753493,44.58069172640235,-61.28282609499778,-61.63087190346954,-61.63087190346954,0.0,0.0,0.0
Кузьминки,7638014.871014188,0.0,0.0,77.44844550330825,76.5822421153122,87.51807540636649,7638014.871014188,0.06618751523519514,0.1731789481507653,22.300113294664445,22.279000064873586,32.38664820006457,7638014.871014188,0.2074310151427925,0.36493619144390005,18.56207253280063,18.43122735975218,29.27617001991057,7638014.871014188,0.2074310151427925,0.36493619144390005,18.56207253280063,18.43122735975218,29.27617001991057,-55.14833220864381,-58.88637297050762,-58.88637297050762,0.06618751523519514,0.2074310151427925,0.2074310151427925
Новогиреево,5218674.826902792,0.0,0.0,78.88766745031522,78.41176660394383,86.65601599058658,5218674.826902792,0.24505095231317528,0.4492889239832925,15.82798782757646,15.914438249197946,24.26798995092627,5218674.826902792,0.323781146260236,0.5304998245128455,16.84901084604941,14.578135172788942,30.39920091032402,5218674.826902792,0.323781146260236,0.5304998245128455,16.84901084604941,14.578135172788942,30.39920091032402,-63.05967962273876,-62.03865660426581,-62.03865660426581,0.24505095231317528,0.323781146260236,0.323781146260236
Бутырский,5355267.498873312,0.0,0.0,73.22340271348583,69.43656820501165,96.94346668306272,5355267.498873312,0.0958426226122894,0.22189717250412905,23.041304159712606,23.04532610092078,36.00820141115505,5355267.498873312,0.0958426226122894,0.22189717250412905,23.041304159712606,23.04532610092078,36.00820141115505,5355267.498873312,0.0958426226122894,0.22189717250412905,23.041304159712606,23.04532610092078,36.00820141115505,-50.182098553773216,-50.182098553773216,-50.182098553773216,0.0958426226122894,0.0958426226122894,0.0958426226122894
Филёвский Парк,7930222.716647852,0.0,0.0,86.8720667062048,85.6937826946194,115.47526073860928,7930222.716647852,0.010425939734291664,0.033795330067775756,32.72702368525751,33.59355096063646,45.86037052683697,7930222.716647852,0.22764967337379524,0.3822900955493101,21.448888238654643,23.539206311396526,36.35027413692964,7930222.716647852,0.010425939734291664,0.010425939734291664,56.383310598625265,59.52115997059869,65.4313967911681,-54.1450430209473,-65.42317846755016,-30.48875610757954,0.010425939734291664,0.22764967337379524,0.010425939734291664
Войковский,5876187.792257138,0.0,0.0,63.2575854756928,65.66223876235794,79.03990644819861,5876187.792257138,0.0,0.0,42.4395033775599,42.64921270679483,49.48412289126962,5876187.792257138,0.0,0.0,52.38910081394514,52.02033969158858,60.48289618791328,5876187.792257138,0.0,0.0,52.38910081394514,52.02033969158858,60.48289618791328,-20.818082098132898,-10.868484661747658,-10.868484661747658,0.0,0.0,0.0
Беговой,2974588.471876837,0.0,0.0,126.8839196922493,126.0899892191186,139.34991885645383,2974588.471876837,0.0,0.0,41.45646693743317,43.168838174276,47.218676854068775,2974588.471876837,0.0,0.0,39.52788381118289,39.61442120913955,46.44546690185593,2974588.471876837,0.0,0.0,39.52788381118289,39.61442120913955,46.44546690185593,-85.42745275481613,-87.3560358810664,-87.3560358810664,0.0,0.0,0.0
Красносельский,4122585.503462282,0.0,0.0,131.09987814176847,130.64350402826656,143.78590622365147,4122585.503462282,0.0,0.0,41.47688564346316,43.50643857156913,55.041479391257326,4122585.503462282,0.0,0.0,54.130254420869136,54.53918510792196,58.488381913964005,4122585.503462282,0.0,0.0,54.130254420869136,54.53918510792196,58.488381913964005,-89.62299249830531,-76.96962372089934,-76.96962372089934,0.0,0.0,0.0
Дмитровский,6949039.810069964,0.28224618852767425,0.4274498891429103,17.039918193497208,16.211485742486857,27.901617350017567,6949039.810069964,0.0,0.0,47.79979335933295,46.38131658130211,60.72149430151467,6949039.810069964,0.28224618852767425,0.4274498891429103,17.039918193497208,16.211485742486857,27.901617350017567,6949039.810069964,0.0,0.0,47.79979335933295,46.38131658130211,60.72149430151467,30.759875165835744,0.0,30.759875165835744,-0.28224618852767425,0.0,-0.28224618852767425
Соколиная Гора,5612142.264979302,0.0,0.0,73.84022870705527,74.87064009097975,88.69171004743582,5612142.264979302,0.0,0.0,41.88831209831011,40.71744791106008,58.65429176745676,5612142.264979302,0.0,0.0,41.88831209831011,40.71744791106008,58.65429176745676,5612142.264979302,0.0,0.0,41.88831209831011,40.71744791106008,58.65429176745676,-31.951916608745165,-31.951916608745165,-31.951916608745165,0.0,0.0,0.0
Хорошёвский,8705399.698859362,0.0,0.0,135.27799191725842,139.30282869277127,145.5366883176426,8705399.698859362,0.0,0.0673833691837448,32.37234602328026,34.95794899032807,40.9214719316165,8705399.698859362,0.0,0.0,39.51035318008741,40.15704461710321,50.85991366473028,8705399.698859362,0.0,0.0,39.59310191617113,40.15704461710321,50.85991366473028,-102.90564589397816,-95.76763873717101,-95.6848900010873,0.0,0.0,0.0
Таганский,10257600.0496048,0.0,0.0,142.92551254070625,143.64461614359035,148.58245048840914,10257600.0496048,0.252259546241896,0.5063354445999739,14.914187598252242,14.676453046926321,24.915977812352512,10257600.0496048,0.252259546241896,0.5063354445999739,15.170582178933342,14.676453046926321,25.182623191971462,10257600.0496048,0.252259546241896,0.5063354445999739,15.170582178933342,14.676453046926321,25.182623191971462,-128.011324942454,-127.7549303617729,-127.7549303617729,0.252259546241896,0.252259546241896,0.252259546241896
Отрадное,12742071.675342137,0.13511826567032667,0.24450418563859724,22.755481326187184,24.413483705237645,34.647907391057295,12742071.675342137,0.18383263179947446,0.27668128352364996,22.199868693835015,21.379378893657172,36.31320093897841,12742071.675342137,0.18383263179947446,0.27668128352364996,22.18492500020652,21.379378893657172,36.31320093897841,12742071.675342137,0.18383263179947446,0.27668128352364996,22.18492500020652,21.379378893657172,36.31320093897841,-0.5556126323521688,-0.5705563259806645,-0.5705563259806645,0.048714366129147785,0.048714366129147785,0.048714366129147785
Щербинка,4490664.236838415,0.0,0.0,83.50141911907946,82.25967508781609,93.22016395003044,4490664.236838415,0.0,0.0,180.00000000000003,180.0,180.0,4490664.236838415,0.0,0.0,180.00000000000003,180.0,180.0,4490664.236838415,0.0,0.0,180.00000000000003,180.0,180.0,96.49858088092057,96.49858088092057,96.49858088092057,0.0,0.0,0.0
Котловка,3801777.0266051125,0.0,0.0,46.01991208246432,48.281661744848506,56.99969638108927,3801777.0266051125,0.0,0.0,53.630513928323644,55.03034858079389,60.547825834806865,3801777.0266051125,0.08454121616531333,0.18979042842066346,20.50531745078692,20.52366848650613,29.42665286219964,3801777.0266051125,0.0,0.0,53.41671786772282,54.456080691100645,59.549033004410894,7.610601845859321,-25.514594631677404,7.396805785258493,0.0,0.08454121616531333,0.0
Зябликово,5824778.143054005,0.0,0.0,64.719666572001,66.45078356448168,74.35039483044838,5824778.143054005,0.0,0.0,113.58687335619919,115.31799034867996,123.2176016146466,5824778.143054005,0.0,0.0,124.94710394375915,126.67099790042207,134.47552378921645,5824778.143054005,0.0,0.0,124.94710394375915,126.67099790042207,134.47552378921645,48.86720678419819,60.22743737175814,60.22743737175814,0.0,0.0,0.0
Косино-Ухтомский,4900433.958094571,0.0,0.0,42.20427664349219,38.93428098337681,62.6092006991793,4900433.958094571,0.0,0.0,86.24201192082501,88.85833951790674,96.04258404335108,4900433.958094571,0.0,0.0,83.89732747904115,86.2479795322387,93.43222405768302,4900433.958094571,0.0,0.0,83.89732747904115,86.2479795322387,93.43222405768302,44.037735277332814,41.69305083554896,41.69305083554896,0.0,0.0,0.0
Коньково,10215091.529898692,0.27856221799981684,0.4974498633739296,15.556355201118222,15.009149445017805,27.43283448171557,10215091.529898692,0.0,0.0,62.30646802978636,61.804008687079055,74.75936145055101,10215091.529898692,0.0,0.0,62.456641523265546,62.15198347114207,74.75936145055101,10215091.529898692,0.0,0.0,62.456641523265546,62.15198347114207,74.75936145055101,46.750112828668136,46.90028632214732,46.90028632214732,-0.27856221799981684,-0.27856221799981684,-0.27856221799981684
Ростокино,3500176.5143277277,0.0,0.0,49.93785237857337,52.33038542672922,59.97527164957639,3500176.5143277277,0.0,0.0,44.58915522826112,42.79558095444922,53.88690008352281,3500176.5143277277,0.0,0.0,41.66754639100347,41.05842262803743,45.731609820120944,3500176.5143277277,0.0,0.0,41.66754639100347,41.05842262803743,45.731609820120944,-5.348697150312248,-8.270305987569898,-8.270305987569898,0.0,0.0,0.0
Хорошёво-Мнёвники,17266518.712499056,0.0,0.0,136.5328800803069,138.87603737599446,146.39639803446107,17266518.712499056,0.04793060843340381,0.07486774777072358,41.14884475099617,42.94079289093785,55.616768463644,17266518.712499056,0.0,0.04711940823806117,33.87111179286185,34.684319570645144,43.827090058340545,17266518.712499056,0.0,0.04711940823806117,37.75564521203989,38.48086653982036,54.8570385763921,-95.38403532931073,-102.66176828744506,-98.77723486826702,0.04793060843340381,0.0,0.0
Новокосино,5677237.475962934,0.0,0.0,83.32813217670838,84.10616900572735,88.9986151110367,5677237.475962934,0.0,0.0,46.64345303145397,45.47754036481444,55.226983728176315,5677237.475962934,0.0,0.0,43.9016248178367,42.86718037914639,52.351815987956265,5677237.475962934,0.0,0.0,43.9016248178367,42.86718037914639,52.351815987956265,-36.68467914525441,-39.42650735887168,-39.42650735887168,0.0,0.0,0.0
Фили-Давыдково,7445195.88291147,0.0,0.0,69.03886934807511,68.07426509934959,82.1197981079034,7445195.88291147,0.044242226050297526,0.08713220795777032,29.075375507759638,29.957128175353645,40.627080235450336,7445195.88291147,0.044242226050297526,0.08713220795777032,29.060656504822763,29.957128175353645,40.627080235450336,7445195.88291147,0.044242226050297526,0.08713220795777032,29.075375507759638,29.957128175353645,40.627080235450336,-39.96349384031547,-39.97821284325235,-39.96349384031547,0.044242226050297526,0.044242226050297526,0.044242226050297526
Алтуфьевский,3552550.41777101,0.0,0.0,42.35010541652721,40.68211483333316,51.94009734625387,3552550.41777101,0.10387916595444355,0.1404348379619875,21.971715679201637,22.922569679242564,28.621087945611414,3552550.41777101,0.10387916595444355,0.1404348379619875,21.971715679201637,22.922569679242564,28.621087945611414,3552550.41777101,0.10387916595444355,0.1404348379619875,21.971715679201637,22.922569679242564,28.621087945611414,-20.37838973732557,-20.37838973732557,-20.37838973732557,0.10387916595444355,0.10387916595444355,0.10387916595444355
Рязанский,8690640.478264323,0.0,0.0,103.64169852008699,105.73713900740131,116.18001260249183,8690640.478264323,0.02148408720482527,0.15573762978427566,34.24773836157548,37.310419371281384,53.115749680879986,8690640.478264323,0.0,0.0,43.359555331282266,44.60930483128839,56.65636785243569,8690640.478264323,0.0,0.0,43.359555331282266,44.60930483128839,56.65636785243569,-69.3939601585115,-60.282143188804724,-60.282143188804724,0.02148408720482527,0.0,0.0
Обручевский,9781926.685325896,0.3235083476001201,0.49475167389470437,15.76003124128365,15.246532829679934,29.78277325292383,9781926.685325896,0.0,0.07079705401274884,32.92180576253123,30.95584503152863,51.524157100194955,9781926.685325896,0.0,0.07079705401274884,34.18683099565539,30.95584503152863,59.37093339229758,9781926.685325896,0.0,0.07079705401274884,34.18683099565539,30.95584503152863,59.37093339229758,17.16177452124758,18.426799754371743,18.426799754371743,-0.3235083476001201,-0.3235083476001201,-0.3235083476001201
Донской,3584678.3036292866,0.0,0.0,72.47595484732534,72.44702481939339,83.49802640930491,3584678.3036292866,0.07065897235120298,0.19937191310627395,30.256926415277224,27.863312467085063,47.80299938423785,3584678.3036292866,0.029110642670610722,0.07065897235120298,28.090283827912828,27.940452666445047,38.432849286727325,3584678.3036292866,0.029110642670610722,0.07065897235120298,31.798510393863474,32.00924157388144,45.859650500695224,-42.21902843204812,-44.38567101941251,-40.67744445346187,0.07065897235120298,0.029110642670610722,0.029110642670610722
Северное Медведково,6563282.836935932,0.0,0.0,66.59021537877094,67.33803832287933,78.08554222510568,6563282.836935932,0.0,0.0,50.64138283187185,50.63015402216577,57.82710581851157,6563282.836935932,0.0,0.0,34.15804031611075,33.9997335448398,42.001627611585725,6563282.836935932,0.0,0.0,34.15804031611075,33.9997335448398,42.001627611585725,-15.948832546899084,-32.432175062660185,-32.432175062660185,0.0,0.0,0.0
Раменки,22220499.35609049,0.2034400865703715,0.3246600733927099,24.380063056923802,23.356010384395884,45.88204315925136,22220499.35609049,0.0,0.006628569319889,48.36226539537443,44.689811638877764,72.20641530503893,22220499.35609049,0.01309885208141313,0.024550868447656467,42.33426270921093,39.062445443563504,63.45457253799743,22220499.35609049,0.01309885208141313,0.024550868447656467,44.79897095483275,39.062445443563504,73.60677928772922,23.982202338450627,17.95419965228713,20.418907897908944,-0.2034400865703715,-0.19034123448895837,-0.19034123448895837
Восточное Измайлово,3895881.535002626,0.1376669944944755,0.40354158424058384,17.446612447820186,16.19138536490923,25.509097028276173,3895881.535002626,0.0,0.0,46.577714943198536,45.94715932669529,53.06431351644111,3895881.535002626,0.0,0.0,29.058986353072964,29.053411847634468,35.682135650855486,3895881.535002626,0.0,0.0,29.058986353072964,29.053411847634468,35.682135650855486,29.13110249537835,11.612373905252777,11.612373905252777,-0.1376669944944755,-0.1376669944944755,-0.1376669944944755
Чертаново Южное,9134735.639485681,0.0,0.0,88.95768404102778,89.25325375271899,104.57141754498004,9134735.639485681,0.0,0.0,84.76318351108559,83.86373138810293,100.41555090701716,9134735.639485681,0.0,0.0,84.76318351108559,83.86373138810293,100.41555090701716,9134735.639485681,0.0,0.0,84.76318351108559,83.86373138810293,100.41555090701716,-4.194500529942189,-4.194500529942189,-4.194500529942189,0.0,0.0,0.0
"""Мосрентген""",1174104.951819368,0.0,0.0,74.97430087971817,77.93863693306176,85.1036677082001,1174104.951819368,0.0,0.0,100.30149536130038,101.98386456359773,111.212955903224,1174104.951819368,0.0,0.0,107.73016440220329,109.83064085570031,119.05973219532659,1174104.951819368,0.0,0.0,107.73016440220329,109.83064085570031,119.05973219532659,25.32719448158221,32.755863522485114,32.755863522485114,0.0,0.0,0.0
Марьино,18152059.184323013,0.20124211419262103,0.37247549975922184,21.291040380305482,17.817939004458523,42.941219135997315,18152059.184323013,0.0,0.0,61.03579065667199,60.48394238564759,80.34049249803259,18152059.184323013,0.0,0.0,73.30468761158522,74.53250098334219,90.3656838410971,18152059.184323013,0.0,0.0,73.30468761158522,74.53250098334219,90.3656838410971,39.74475027636651,52.01364723127974,52.01364723127974,-0.20124211419262103,-0.20124211419262103,-0.20124211419262103
Сокольники,3997886.2746288846,0.0,0.0,104.75435447660269,104.42894960960909,117.02727683233906,3997886.2746288846,0.0,0.017787796724756697,32.35735541810405,31.908098870815632,45.62294807416728,3997886.2746288846,0.0,0.017787796724756697,31.52129872801875,31.908098870815632,41.56714072578666,3997886.2746288846,0.0,0.017787796724756697,31.52129872801875,31.908098870815632,41.56714072578666,-72.39699905849864,-73.23305574858394,-73.23305574858394,0.0,0.0,0.0
Богородское,8087881.337194677,0.0,0.0,88.02746346601852,89.17623208785245,98.71540464629203,8087881.337194677,0.0,0.014677958931776888,31.74067455591526,31.752500187565794,41.198437439237516,8087881.337194677,0.0,0.014677958931776888,31.74067455591526,31.752500187565794,41.198437439237516,8087881.337194677,0.0,0.014677958931776888,31.74067455591526,31.752500187565794,41.198437439237516,-56.286788910103255,-56.286788910103255,-56.286788910103255,0.0,0.0,0.0
Тёплый Стан,8339917.254841121,0.0,0.0,40.94470941797861,43.41303215026083,56.18777866691199,8339917.254841121,0.0,0.0,72.58178241597228,73.59860997043765,90.53495105234907,8339917.254841121,0.0,0.0,79.02659364774821,79.74587294538387,98.38172734445166,8339917.254841121,0.0,0.0,79.02659364774821,79.74587294538387,98.38172734445166,31.637072997993677,38.08188422976961,38.08188422976961,0.0,0.0,0.0
Чертаново Центральное,5872728.049740038,0.0,0.0,81.4653982730868,80.90088177238616,94.29186103015965,5872728.049740038,0.0,0.0,54.715723783246865,56.32097411956336,65.25805619832879,5872728.049740038,0.0,0.0,54.715723783246865,56.32097411956336,65.25805619832879,5872728.049740038,0.0,0.0,54.715723783246865,56.32097411956336,65.25805619832879,-26.74967448983994,-26.74967448983994,-26.74967448983994,0.0,0.0,0.0
Нагорный,4683993.4223268125,0.0,0.0,51.43310991818253,51.88146097153254,57.14466530344149,4683993.4223268125,0.06743870750553385,0.28362534325987854,23.279379921781963,20.121903396105953,40.82910560848741,4683993.4223268125,0.06743870750553385,0.28362534325987854,21.755698306598184,20.121903396105953,34.08507118545913,4683993.4223268125,0.06743870750553385,0.28362534325987854,23.263344037238486,20.121903396105953,40.82910560848741,-28.153729996400568,-29.677411611584347,-28.169765880944045,0.06743870750553385,0.06743870750553385,0.06743870750553385
Нагатинский Затон,7174525.209114202,0.0,0.0,103.92732047120607,104.77919731409347,111.31737280700456,7174525.209114202,0.0,0.0,50.84232376143826,50.27446925101092,66.83751539140096,7174525.209114202,0.0,0.0,97.72495802233851,97.4524268978489,107.4423389047487,7174525.209114202,0.0,0.0,98.01700164338851,97.4524268978489,107.4423389047487,-53.084996709767815,-6.202362448867561,-5.910318827817562,0.0,0.0,0.0
Ново-Переделкино,6292061.974023979,0.0,0.0,116.38410369360807,117.57143199343054,127.86114990204565,6292061.974023979,0.0,0.0,130.7012364353794,131.8500637089286,142.1397816175437,6292061.974023979,0.0,0.0,132.39027191929472,133.5390991928439,143.82881710145907,6292061.974023979,0.0,0.0,132.39027191929472,133.5390991928439,143.82881710145907,14.317132741771331,16.00616822568665,16.00616822568665,0.0,0.0,0.0
Северное Тушино,9372484.094716314,0.0,0.0,70.56531311064641,71.90510603636855,81.00604804940899,9372484.094716314,0.0,0.0,88.45009098817195,89.09237733630269,98.9255287814441,9372484.094716314,0.0,0.0,110.85547302703007,111.72338102564069,121.60770276029787,9372484.094716314,0.0,0.0,110.85547302703007,111.72338102564069,121.60770276029787,17.884777877525536,40.29015991638366,40.29015991638366,0.0,0.0,0.0
Перово,8341434.03859476,0.0,0.0,75.00658120826729,69.48990085723673,95.53562319566251,8341434.03859476,0.0,0.0,34.96518412022389,35.24836064869843,45.577162540846416,8341434.03859476,0.0,0.0,40.09720287383774,39.92906157914667,54.83539486879122,8341434.03859476,0.0,0.0,40.09720287383774,39.92906157914667,54.83539486879122,-40.041397088043404,-34.909378334429555,-34.909378334429555,0.0,0.0,0.0
Кокошкино,774884.4927108411,0.0,0.0,180.00000000000003,180.0,180.0,774884.4927108411,0.0,0.0,180.00000000000003,180.0,180.0,774884.4927108411,0.0,0.0,180.00000000000003,180.0,180.0,774884.4927108411,0.0,0.0,180.00000000000003,180.0,180.0,0.0,0.0,0.0,0.0,0.0,0.0
Дорогомилово,5439768.107080822,0.0,0.0,85.36525057410438,88.23258435436091,97.5013814576958,5439768.107080822,0.0,0.0,50.70463752790816,50.71987893260868,58.05849634773189,5439768.107080822,0.0,0.0,30.605419324541934,30.901926908985818,37.80585916621782,5439768.107080822,0.0,0.0,39.89009700009705,37.80585916621782,62.661283791019216,-34.66061304619622,-54.759831249562446,-45.47515357400733,0.0,0.0,0.0
Нагатино-Садовники,5061317.146449391,0.0,0.0,88.67132172138467,88.26245656936322,101.21200737312778,5061317.146449391,0.0,0.0,48.619885782520434,47.37239648592159,58.85148954297854,5061317.146449391,0.0,0.0,64.25521424267387,64.7042219460956,77.01206881414213,5061317.146449391,0.0,0.0,65.98682672827404,66.68042430933409,79.03500808874462,-40.05143593886424,-24.4161074787108,-22.684494993110633,0.0,0.0,0.0
Южное Тушино,6173055.806116367,0.0,0.0,71.41275284596017,75.16232758806065,89.06063135409053,6173055.806116367,0.0,0.0,68.36826433204396,69.49885114105909,79.24286550912753,6173055.806116367,0.0,0.0,108.33877009631196,108.68614539005176,124.16244088669556,6173055.806116367,0.0,0.0,108.33877009631196,108.68614539005176,124.16244088669556,-3.044488513916207,36.92601725035179,36.92601725035179,0.0,0.0,0.0
Гагаринский,7011786.568684474,0.0,0.09062531278451426,31.924413500863352,29.720266977266814,52.066302375586865,7011786.568684474,0.0,0.03683834962731435,31.186373324313045,31.831064397775716,43.81880828257658,7011786.568684474,0.0,0.03683834962731435,30.58312495818469,30.594460787741443,42.212879958617364,7011786.568684474,0.0,0.03683834962731435,32.67680447043522,31.831064397775716,48.416984191888716,-0.7380401765503066,-1.3412885426786616,0.75239096957187,0.0,0.0,0.0
Воскресенское,1520952.0717953374,0.0,0.0,76.80140736986924,61.80696228851923,105.22689679514755,1520952.0717953374,0.0,0.0,179.99999999999997,180.0,180.0,1520952.0717953374,0.0,0.0,179.99999999999997,180.0,180.0,1520952.0717953374,0.0,0.0,179.99999999999997,180.0,180.0,103.19859263013073,103.19859263013073,103.19859263013073,0.0,0.0,0.0
Останкинский,6040749.204513818,0.21963790892815843,0.32897074053894887,48.21078616511996,60.14283295918859,78.65674570288535,6040749.204513818,0.0,0.0,49.836381187151254,50.92830858367291,58.297904165113366,6040749.204513818,0.009464151900816621,0.1435480399538146,29.35849056136967,26.232481216309612,47.2736608496458,6040749.204513818,0.009464151900816621,0.1435480399538146,29.35849056136967,26.232481216309612,47.2736608496458,1.6255950220312911,-18.852295603750292,-18.852295603750292,-0.21963790892815843,-0.2101737570273418,-0.2101737570273418
Рязановское,3901970.0573584065,0.0,0.0,119.53164504468252,125.48445935180263,133.88947866329553,3901970.0573584065,0.0,0.0,180.0,180.0,180.0,3901970.0573584065,0.0,0.0,180.0,180.0,180.0,3901970.0573584065,0.0,0.0,180.0,180.0,180.0,60.46835495531748,60.46835495531748,60.46835495531748,0.0,0.0,0.0
Митино,15219211.281798132,0.4631475190575674,0.6385427629727923,13.819215398961791,11.514391491443666,25.838824606800536,15219211.281798132,0.0,0.0,107.22062410589608,108.08896944654892,122.67951050636118,15219211.281798132,0.0,0.0,151.09409206527246,152.83842236854977,163.8787452591609,15219211.281798132,0.0,0.0,151.09409206527246,152.83842236854977,163.8787452591609,93.40140870693429,137.27487666631066,137.27487666631066,-0.4631475190575674,-0.4631475190575674,-0.4631475190575674
Марушкинское,851587.3573018276,0.0,0.0,180.0,180.0,180.0,851587.3573018276,0.0,0.0,180.0,180.0,180.0,851587.3573018276,0.0,0.0,180.0,180.0,180.0,851587.3573018276,0.0,0.0,180.0,180.0,180.0,0.0,0.0,0.0,0.0,0.0,0.0
Лосиноостровский,5406404.529021986,0.0,0.0,77.35766355743431,77.34890102146328,93.34545917239392,5406404.529021986,0.0,0.059727097906229314,32.069048320633115,31.88493734419691,46.689654169557315,5406404.529021986,0.0,0.062499274917704524,30.911665007744933,31.04494497982103,45.76263024819125,5406404.529021986,0.0,0.062499274917704524,30.911665007744933,31.04494497982103,45.76263024819125,-45.28861523680119,-46.44599854968938,-46.44599854968938,0.0,0.0,0.0
Покровское-Стрешнево,6405927.986981743,0.0,0.0,78.20702102327773,80.31203774565095,91.78064252098791,6405927.986981743,0.015407325491887216,0.09008599013603959,34.34371531755458,34.12453752428451,54.6631806272961,6405927.986981743,0.0,0.0,74.37736109412998,76.51203602685588,99.58275600486421,6405927.986981743,0.0,0.0,74.37736109412998,76.51203602685588,99.58275600486421,-43.86330570572315,-3.829659929147752,-3.829659929147752,0.015407325491887216,0.0,0.0
Чертаново Северное,6120098.145746539,0.0,0.0,60.39549353441631,61.38116128247511,73.42760411784133,6120098.145746539,0.0,0.09888822108480448,25.628776474176618,24.746148084247196,36.46063523332412,6120098.145746539,0.0,0.09888822108480448,25.628776474176618,24.746148084247196,36.46063523332412,6120098.145746539,0.0,0.09888822108480448,25.628776474176618,24.746148084247196,36.46063523332412,-34.76671706023969,-34.76671706023969,-34.76671706023969,0.0,0.0,0.0
Киевский,389919.7307825043,0.0,0.0,180.0,180.0,180.0,389919.7307825043,0.0,0.0,180.0,180.0,180.0,389919.7307825043,0.0,0.0,180.0,180.0,180.0,389919.7307825043,0.0,0.0,180.0,180.0,180.0,0.0,0.0,0.0,0.0,0.0,0.0
Старое Крюково,2196122.9395046476,1.0,1.0,0.0,0.0,0.0,2196122.9395046476,0.0,0.0,179.99999999999997,180.0,180.0,2196122.9395046476,0.0,0.0,179.99999999999997,180.0,180.0,2196122.9395046476,1.0,1.0,0.0,0.0,0.0,179.99999999999997,179.99999999999997,0.0,-1.0,-1.0,0.0
Силино,2852071.500277724,1.0,1.0,0.0,0.0,0.0,2852071.500277724,0.0,0.0,180.00000000000003,180.0,180.0,2852071.500277724,0.0,0.0,180.00000000000003,180.0,180.0,2852071.500277724,1.0,1.0,0.0,0.0,0.0,180.00000000000003,180.00000000000003,0.0,-1.0,-1.0,0.0
Южное Медведково,5447340.733071743,0.0,0.0,38.18450799252939,37.80997947156304,47.0587623094119,5447340.733071743,0.0,0.0,39.907361824367186,39.58137098417233,46.766446985301314,5447340.733071743,0.0,0.010337602008527364,30.021106893682056,32.25737805150077,38.43408216611934,5447340.733071743,0.0,0.010337602008527364,30.021106893682056,32.25737805150077,38.43408216611934,1.7228538318377957,-8.163401098847334,-8.163401098847334,0.0,0.0,0.0
Восточное Дегунино,5787109.935432203,0.16006193545242223,0.34386989086514735,19.178998908655217,19.270163705946537,30.195225482454614,5787109.935432203,0.0,0.0,33.409273830018016,31.339284658654968,46.254434060157465,5787109.935432203,0.027384907852708855,0.0611500584380131,24.545557444358682,23.935782991734253,31.339284658654968,5787109.935432203,0.0,0.0,33.409273830018016,31.339284658654968,46.254434060157465,14.230274921362799,5.366558535703465,14.230274921362799,-0.16006193545242223,-0.13267702759971337,-0.16006193545242223
Бибирево,7819933.14348847,0.0,0.0,66.30886564213118,65.56759308658782,74.36167923103147,7819933.14348847,0.0,0.0,49.16283445373746,47.648127464814316,61.26468519150692,7819933.14348847,0.0,0.0,49.05226728338693,47.648127464814316,60.92408295843963,7819933.14348847,0.0,0.0,49.05226728338693,47.648127464814316,60.92408295843963,-17.14603118839372,-17.25659835874425,-17.25659835874425,0.0,0.0,0.0
Головинский,7898154.82466947,0.08822432807904731,0.2153689320136866,26.42974924345044,27.186251460417793,39.759379839841316,7898154.82466947,0.08822432807904731,0.2153689320136866,26.81004551862039,27.186251460417793,39.759379839841316,7898154.82466947,0.08822432807904731,0.2153689320136866,26.81004551862039,27.186251460417793,39.759379839841316,7898154.82466947,0.08822432807904731,0.2153689320136866,26.81004551862039,27.186251460417793,39.759379839841316,0.38029627516995035,0.38029627516995035,0.38029627516995035,0.0,0.0,0.0
Измайлово,7412738.536587399,0.3072661347289172,0.47725554023994504,16.310790459477598,15.059516178419143,30.793880764305367,7412738.536587399,0.0,0.0537333899973482,26.107668445079764,25.672990466683935,35.49175378364186,7412738.536587399,0.0,0.06818767874786712,28.184043820114024,27.710389619711517,40.92485780673028,7412738.536587399,0.0,0.06818767874786712,28.184043820114024,27.710389619711517,40.92485780673028,9.796877985602165,11.873253360636426,11.873253360636426,-0.3072661347289172,-0.3072661347289172,-0.3072661347289172
Даниловский,10365360.513249308,0.0,0.0,110.80649575113664,113.12612376130956,133.86052300668726,10365360.513249308,0.05732233460719857,0.15016514938045813,26.060329517009784,25.487512463138625,41.84473891064468,10365360.513249308,0.08609000147146373,0.1660754173274374,35.72880933468084,40.367907319590266,54.72344500085301,10365360.513249308,0.08609000147146373,0.1660754173274374,35.72880933468084,40.367907319590266,54.72344500085301,-84.74616623412686,-75.0776864164558,-75.0776864164558,0.05732233460719857,0.08609000147146373,0.08609000147146373
Выхино-Жулебино,13147253.173166133,0.0,0.0,84.19160615339416,81.30379927551242,102.75541936906582,13147253.173166133,0.01474384486470581,0.01474384486470581,47.43731057509896,40.78249368378116,76.51649458474328,13147253.173166133,0.0,0.0,72.54279497449316,67.84799033358338,94.95691331038606,13147253.173166133,0.0,0.0,72.54279497449316,67.84799033358338,94.95691331038606,-36.7542955782952,-11.648811178901,-11.648811178901,0.01474384486470581,0.0,0.0
Некрасовка,9123798.232896976,0.307512176053638,0.4832908774641704,18.841673623069113,16.64093873785672,39.592309526676054,9123798.232896976,0.0,0.0,132.80687521864462,133.1542268974275,144.3638493373517,9123798.232896976,0.0,0.0,132.86645780794393,132.2350105656534,143.99061804676023,9123798.232896976,0.0,0.0,132.86645780794393,132.2350105656534,143.99061804676023,113.96520159557551,114.02478418487482,114.02478418487482,-0.307512176053638,-0.307512176053638,-0.307512176053638
Орехово-Борисово Северное,5671042.87373218,0.0,0.0,86.0105725183251,87.1416974439256,100.00688509552464,5671042.87373218,0.0,0.0,115.23586883795492,114.74330840697165,125.80426327695415,5671042.87373218,0.0,0.0,116.10399423192213,114.74330840697165,127.79269961236703,5671042.87373218,0.0,0.0,116.10399423192213,114.74330840697165,127.79269961236703,29.22529631962982,30.093421713597024,30.093421713597024,0.0,0.0,0.0
Лефортово,7495982.306869528,0.0,0.0,114.02363865700339,114.24995477132711,127.43555107869376,7495982.306869528,0.0,0.0,40.60026614371802,41.76096849602729,50.24419802327632,7495982.306869528,0.0,0.0,40.60026614371802,41.76096849602729,50.24419802327632,7495982.306869528,0.0,0.0,40.60026614371802,41.76096849602729,50.24419802327632,-73.42337251328537,-73.42337251328537,-73.42337251328537,0.0,0.0,0.0
Тропарёво-Никулино,11999822.092479693,0.24674051259632934,0.3979586775154537,16.803839750221858,16.94829000961932,26.637900119379992,11999822.092479693,0.03867633528038334,0.06922592227931404,27.546351910545635,26.949486272247427,38.92353266852615,11999822.092479693,0.007863585124849637,0.028681651907791907,34.132523763778686,34.185632445270095,46.77030896062877,11999822.092479693,0.007863585124849637,0.028681651907791907,34.132523763778686,34.185632445270095,46.77030896062877,10.742512160323777,17.328684013556828,17.328684013556828,-0.208064177315946,-0.2388769274714797,-0.2388769274714797
Северный,3880793.995346405,0.0,0.0,82.77837611590638,80.90515293220915,99.68425755101589,3880793.995346405,0.0,0.0,110.82254317495521,111.9155433273823,132.48508365991535,3880793.995346405,0.0,0.0,82.77837611590638,80.90515293220915,99.68425755101589,3880793.995346405,0.0,0.0,110.82254317495521,111.9155433273823,132.48508365991535,28.04416705904883,0.0,28.04416705904883,0.0,0.0,0.0
Южное Бутово,17144547.19693538,0.1807753136859205,0.29735599875840324,34.17445609084249,26.97133735044548,90.42137433720823,17144547.19693538,0.0,0.0,169.8475572204989,175.69651316370133,180.0,17144547.19693538,0.0,0.0,169.8475572204989,175.69651316370133,180.0,17144547.19693538,0.0,0.0,169.8475572204989,175.69651316370133,180.0,135.67310112965643,135.67310112965643,135.67310112965643,-0.1807753136859205,-0.1807753136859205,-0.1807753136859205
Нижегородский,3756819.1469416907,0.0,0.0,121.77029895170459,120.77859990272614,131.87337398122725,3756819.1469416907,0.0,0.0,50.07189334395067,53.75844656344852,61.10421934952615,3756819.1469416907,0.0,0.0,50.16158780543021,53.908898637947566,63.63577206769557,3756819.1469416907,0.0,0.0,50.16158780543021,53.908898637947566,63.63577206769557,-71.69840560775393,-71.60871114627437,-71.60871114627437,0.0,0.0,0.0
Ярославский,5629198.323287386,0.0,0.0,85.52730887688875,84.327479868532,101.61100422065932,5629198.323287386,0.0,0.0,39.91101773419332,39.342157017144174,54.542084055453465,5629198.323287386,0.0,0.0,46.446709701547825,46.59156745945556,59.240580332365845,5629198.323287386,0.0,0.0,46.446709701547825,46.59156745945556,59.240580332365845,-45.61629114269543,-39.08059917534093,-39.08059917534093,0.0,0.0,0.0
Западное Дегунино,7882770.000290533,0.026660467062092238,0.09393895615597112,22.76063150030844,21.469946337224492,33.79190727226644,7882770.000290533,0.0,0.0,35.026656018965966,35.60980361685472,44.10968446429778,7882770.000290533,0.0,0.041232363242035414,27.884642407308966,25.616868680722806,42.26402110463529,7882770.000290533,0.0,0.0,35.026656018965966,35.60980361685472,44.10968446429778,12.266024518657527,5.124010907000528,12.266024518657527,-0.026660467062092238,-0.026660467062092238,-0.026660467062092238
Солнцево,10063190.635127146,0.0,0.0,74.24414491805322,72.92673356734244,91.02764900663027,10063190.635127146,0.0,0.0,90.59647381092657,91.4809362026827,105.78776914601731,10063190.635127146,0.0,0.0,92.44786126819518,93.16997168659803,107.47680462993263,10063190.635127146,0.0,0.0,92.44786126819518,93.16997168659803,107.47680462993263,16.352328892873345,18.20371635014196,18.20371635014196,0.0,0.0,0.0
Крюково,8138322.808872311,0.8630933815812905,1.0,1.6125540292343166,0.0,11.778495794137191,8138322.808872311,0.0,0.0,180.00000000000006,180.0,180.0,8138322.808872311,0.0,0.0,180.00000000000006,180.0,180.0,8138322.808872311,0.8630933815812905,1.0,1.6125540292343166,0.0,11.778495794137191,178.38744597076575,178.38744597076575,0.0,-0.8630933815812905,-0.8630933815812905,0.0
Можайский,11142697.468368609,0.0,0.0,95.19426737224887,94.97223334350399,115.1603870000776,11142697.468368609,0.0,0.0,51.98752533602394,48.091825952957656,74.49925860784896,11142697.468368609,0.0,0.0,51.98752533602394,48.091825952957656,74.49925860784896,11142697.468368609,0.0,0.0,51.98752533602394,48.091825952957656,74.49925860784896,-43.20674203622493,-43.20674203622493,-43.20674203622493,0.0,0.0,0.0
Куркино,3327260.0874556736,0.0,0.0,88.03659112965396,88.12777905382633,101.55745911969078,3327260.0874556736,0.0,0.0,121.84767030820275,121.35914293164844,135.74526818784213,3327260.0874556736,0.0,0.0,121.84767030820275,121.35914293164844,135.74526818784213,3327260.0874556736,0.0,0.0,112.80466094327971,113.44772853775517,120.11487076807339,33.811079178548795,33.811079178548795,24.768069813625758,0.0,0.0,0.0
Строгино,8191019.879891642,0.0,0.0,82.74753754547335,85.85007622141883,95.66627138955263,8191019.879891642,0.0,0.0,51.408964326589526,52.30032165928514,61.61857964815629,8191019.879891642,0.0,0.0,90.32995066674688,91.69552473337644,100.29816453119642,8191019.879891642,0.0,0.0,90.32995066674688,91.69552473337644,100.29816453119642,-31.338573218883823,7.582413121273532,7.582413121273532,0.0,0.0,0.0
Матушкино,3157680.02698865,1.0,1.0,0.0,0.0,0.0,3157680.02698865,0.0,0.0,180.00000000000003,180.0,180.0,3157680.02698865,0.0,0.0,180.00000000000003,180.0,180.0,3157680.02698865,1.0,1.0,0.0,0.0,0.0,180.00000000000003,180.00000000000003,0.0,-1.0,-1.0,0.0
Левобережный,5485637.354751995,0.41146751739813653,0.6344794470846382,12.25002568731187,11.9694845701635,19.48688118633133,5485637.354751995,0.0,0.0,31.14964183484215,30.630082637818855,42.45658099062999,5485637.354751995,0.0,0.0,31.14964183484215,30.630082637818855,42.45658099062999,5485637.354751995,0.0,0.0,31.14964183484215,30.630082637818855,42.45658099062999,18.89961614753028,18.89961614753028,18.89961614753028,-0.41146751739813653,-0.41146751739813653,-0.41146751739813653
Молжаниновский,2125303.7069918616,0.0,0.0,57.94401681487874,48.75683610372836,84.76402530876967,2125303.7069918616,0.0,0.0,176.90814282323964,180.0,180.0,2125303.7069918616,0.0,0.0,176.90814282323964,180.0,180.0,2125303.7069918616,0.0,0.0,57.94401681487874,48.75683610372836,84.76402530876967,118.9641260083609,118.9641260083609,0.0,0.0,0.0,0.0
Филимонковское,1695097.8267875507,0.0,0.0,180.00000000000003,180.0,180.0,1695097.8267875507,0.0,0.0,180.00000000000003,180.0,180.0,1695097.8267875507,0.0,0.0,180.00000000000003,180.0,180.0,1695097.8267875507,0.0,0.0,180.00000000000003,180.0,180.0,0.0,0.0,0.0,0.0,0.0,0.0
Савёлки,2886057.782554071,1.0,1.0,0.0,0.0,0.0,2886057.782554071,0.0,0.0,179.99999999999997,180.0,180.0,2886057.782554071,0.0,0.0,179.99999999999997,180.0,180.0,2886057.782554071,1.0,1.0,0.0,0.0,0.0,179.99999999999997,179.99999999999997,0.0,-1.0,-1.0,0.0
Сосенское,19627538.223976653,0.0,0.0,84.38242885432123,78.45011073441468,124.6234753540423,19627538.223976653,0.0,0.0,169.45353535157645,172.6303324651294,180.0,19627538.223976653,0.0,0.0,172.65005960662978,176.7759205543032,180.0,19627538.223976653,0.0,0.0,172.65005960662978,176.7759205543032,180.0,85.07110649725522,88.26763075230855,88.26763075230855,0.0,0.0,0.0
Очаково-Матвеевское,11414247.711510861,0.0,0.0,42.033867174218656,41.73374147819069,50.27634666070863,11414247.711510861,0.0,0.0,43.235899833689054,44.08237413741593,56.72548043270794,11414247.711510861,0.0,0.014451749721808944,40.37043855189533,40.11890612957935,55.22128397243944,11414247.711510861,0.0,0.014451749721808944,40.37043855189533,40.11890612957935,55.22128397243944,1.2020326594703974,-1.6634286223233232,-1.6634286223233232,0.0,0.0,0.0
Царицыно,6168053.286509664,0.0,0.0,103.97621778523977,103.1816953616789,115.90378052156261,6168053.286509664,0.0,0.0,66.47525724633225,67.74910503016596,76.23067217847981,6168053.286509664,0.0,0.0,66.47525724633225,67.74910503016596,76.23067217847981,6168053.286509664,0.0,0.0,66.47525724633225,67.74910503016596,76.23067217847981,-37.50096053890752,-37.50096053890752,-37.50096053890752,0.0,0.0,0.0
Орехово-Борисово Южное,8226950.034122039,0.0,0.0,94.55628770434542,94.97434850953191,107.07968578011521,8226950.034122039,0.0,0.0,134.96323932002377,135.58602406466656,143.18571304068024,8226950.034122039,0.0,0.0,139.28423137076922,140.73472534071624,149.1494835489486,8226950.034122039,0.0,0.0,139.28423137076922,140.73472534071624,149.1494835489486,40.40695161567835,44.7279436664238,44.7279436664238,0.0,0.0,0.0
Северное Бутово,7326709.868244737,0.0,0.012990716555539716,38.6334251747404,36.60764117534306,50.124288800329104,7326709.868244737,0.0,0.0,126.29848653923528,127.29087725951655,135.08248982390435,7326709.868244737,0.0,0.0,126.29848653923528,127.29087725951655,135.08248982390435,7326709.868244737,0.0,0.0,126.29848653923528,127.29087725951655,135.08248982390435,87.66506136449487,87.66506136449487,87.66506136449487,0.0,0.0,0.0
Крылатское,6121359.376200877,0.0,0.0,133.40663098443557,132.33197107671225,147.4551420065312,6121359.376200877,0.0,0.0,48.350117241545384,46.22935779993932,63.21550091921517,6121359.376200877,0.0,0.0,48.350117241545384,46.22935779993932,63.21550091921517,6121359.376200877,0.0,0.0,48.350117241545384,46.22935779993932,63.21550091921517,-85.05651374289019,-85.05651374289019,-85.05651374289019,0.0,0.0,0.0
Вешняки,5684569.048699391,0.0,0.0,103.19131454495998,103.08230913717648,114.29016677263562,5684569.048699391,0.0,0.08214394555240877,31.248297101182033,33.751932937337266,45.45232668807255,5684569.048699391,0.0,0.03804586021867427,37.46711007611906,41.019465653856855,52.51179329939075,5684569.048699391,0.0,0.03804586021867427,37.46711007611906,41.019465653856855,52.51179329939075,-71.94301744377795,-65.72420446884092,-65.72420446884092,0.0,0.0,0.0
Тимирязевский,6686707.731336119,0.0,0.0,62.69010436548867,67.1271064627766,84.66551116715095,6686707.731336119,0.03227434446776413,0.11689086226930777,31.106010426867936,26.691755005520456,49.76596492390565,6686707.731336119,0.03227434446776413,0.11689086226930777,31.106010426867936,26.691755005520456,49.76596492390565,6686707.731336119,0.03227434446776413,0.11689086226930777,31.106010426867936,26.691755005520456,49.76596492390565,-31.584093938620736,-31.584093938620736,-31.584093938620736,0.03227434446776413,0.03227434446776413,0.03227434446776413
Братеево,5575880.857393113,0.0,0.0,48.629473504825036,47.696783538722585,57.32789599500706,5575880.857393113,0.0,0.0,97.49668028902327,96.56399032292082,106.19510277920526,5575880.857393113,0.0,0.0,109.041713150536,108.16708706570127,117.79819952198571,5575880.857393113,0.0,0.0,109.041713150536,108.16708706570127,117.79819952198571,48.86720678419824,60.41223964571096,60.41223964571096,0.0,0.0,0.0
Внуковское,8606709.357133873,0.0,0.0,152.65075656726975,151.19119867548392,169.1107182183,8606709.357133873,0.0,0.0,165.70224103294314,165.4698303909819,180.0,8606709.357133873,0.0,0.0,167.12741000576506,167.15886587489726,180.0,8606709.357133873,0.0,0.0,167.12741000576506,167.15886587489726,180.0,13.051484465673383,14.476653438495305,14.476653438495305,0.0,0.0,0.0
Ясенево,10279508.069647923,0.0,0.0,69.01859037904858,70.17096922352322,81.22642281417892,10279508.069647923,0.0,0.0,94.66277546546455,97.33034045233161,110.40376569445915,10279508.069647923,0.0,0.0,94.66277546546455,97.33034045233161,110.40376569445915,10279508.069647923,0.0,0.0,94.66277546546455,97.33034045233161,110.40376569445915,25.644185086415973,25.644185086415973,25.644185086415973,0.0,0.0,0.0
Москворечье-Сабурово,5239547.774524052,0.0,0.0,85.43512720660303,89.84550930177355,103.95957520410224,5239547.774524052,0.0,0.0,66.95788654575638,65.65740140893693,96.42894116980852,5239547.774524052,0.0,0.0,67.41886192051393,65.65740140893693,96.42894116980852,5239547.774524052,0.0,0.0,67.41886192051393,65.65740140893693,96.42894116980852,-18.477240660846647,-18.016265286089094,-18.016265286089094,0.0,0.0,0.0
Гольяново,11975369.820058962,0.0,0.0,44.47214771106418,45.700235553595846,58.09610884361781,11975369.820058962,0.012672227267766688,0.06943031664367388,38.82039701150138,39.470006134967505,58.10505129955172,11975369.820058962,0.020640191705296792,0.09204993983516092,29.93532360157673,32.36064149218677,42.62649107619384,11975369.820058962,0.020640191705296792,0.09204993983516092,29.93532360157673,32.36064149218677,42.62649107619384,-5.651750699562804,-14.536824109487451,-14.536824109487451,0.012672227267766688,0.020640191705296792,0.020640191705296792
Бирюлёво Восточное,10044513.81221866,0.0,0.0,146.15785808678112,147.01045429372505,154.2258897279923,10044513.81221866,0.0,0.0,121.45812482310247,124.68606893495073,139.36201819924312,10044513.81221866,0.0,0.0,121.45812482310247,124.68606893495073,139.36201819924312,10044513.81221866,0.0,0.0,121.45812482310247,124.68606893495073,139.36201819924312,-24.699733263678652,-24.699733263678652,-24.699733263678652,0.0,0.0,0.0
Бирюлёво Западное,3151495.557558257,0.0,0.0,129.06370711836522,129.2516062680928,135.1402892079097,3151495.557558257,0.0,0.0,114.56064295033637,113.63442863620541,127.14246075557551,3151495.557558257,0.0,0.0,114.56064295033637,113.63442863620541,127.14246075557551,3151495.557558257,0.0,0.0,114.56064295033637,113.63442863620541,127.14246075557551,-14.503064168028843,-14.503064168028843,-14.503064168028843,0.0,0.0,0.0
Московский,11975789.846245144,0.0,0.0,134.08164435621404,161.15141477645693,176.65812539132043,11975789.846245144,0.0,0.0,150.30861327848461,180.0,180.0,11975789.846245144,0.0,0.0,151.81401070139032,180.0,180.0,11975789.846245144,0.0,0.0,151.81401070139032,180.0,180.0,16.226968922270572,17.732366345176274,17.732366345176274,0.0,0.0,0.0
Ивановское,6664367.841183914,0.0,0.0,58.43965224556607,56.578565968290114,76.20311407452263,6664367.841183914,0.0,0.0,41.69819953989563,41.96204880814653,58.19411599123607,6664367.841183914,0.021779962529064067,0.0878362453774274,31.388533966142234,30.11767134480629,48.492065981127645,6664367.841183914,0.021779962529064067,0.0878362453774274,31.388533966142234,30.11767134480629,48.492065981127645,-16.74145270567044,-27.05111827942384,-27.05111827942384,0.0,0.021779962529064067,0.021779962529064067
Печатники,4198821.658323508,0.0,0.0,60.056825352787364,58.93114185673474,68.96334816230186,4198821.658323508,0.0,0.0,43.11214441669703,41.876424111647495,50.820213954784286,4198821.658323508,0.0,0.0,48.96437731185556,47.321215629713365,58.706584565235644,4198821.658323508,0.0,0.0,48.96437731185556,47.321215629713365,58.706584565235644,-16.944680936090336,-11.092448040931806,-11.092448040931806,0.0,0.0,0.0
Троицк,3780987.10375794,0.0,0.0,180.0,180.0,180.0,3780987.10375794,0.0,0.0,180.0,180.0,180.0,3780987.10375794,0.0,0.0,180.0,180.0,180.0,3780987.10375794,0.0,0.0,180.0,180.0,180.0,0.0,0.0,0.0,0.0,0.0,0.0
Восточный,344719.7687056765,0.0,0.0,80.19328003964426,79.97254636377238,85.42490970668686,344719.7687056765,0.0,0.0,93.61381565447222,93.39308197860035,98.84544532151484,344719.7687056765,0.0,0.0,75.93135512596132,75.71062145008942,81.16298479300391,344719.7687056765,0.0,0.0,75.93135512596132,75.71062145008942,81.16298479300391,13.420535614827955,-4.261924913682947,-4.261924913682947,0.0,0.0,0.0
Первомайское,401080.3332680615,0.0,0.0,180.0,180.0,180.0,401080.3332680615,0.0,0.0,180.0,180.0,180.0,401080.3332680615,0.0,0.0,180.0,180.0,180.0,401080.3332680615,0.0,0.0,180.0,180.0,180.0,0.0,0.0,0.0,0.0,0.0,0.0
Метрогородок,3190085.7187915524,0.0,0.0,69.43891246697098,65.23077577314855,94.38336217551192,3190085.7187915524,0.0,0.0,37.53339300436382,37.110928409240024,46.984989944103624,3190085.7187915524,0.0,0.0,51.059587401555085,51.32416297316886,55.381438024852514,3190085.7187915524,0.0,0.0,51.059587401555085,51.32416297316886,55.381438024852514,-31.905519462607153,-18.37932506541589,-18.37932506541589,0.0,0.0,0.0
Люблино,12481375.730603572,0.0,0.0,32.58466198922027,31.55687534760073,43.24126846442798,12481375.730603572,0.007413120314051946,0.048613272620288084,32.45752906822539,29.13902574671877,52.174278536456036,12481375.730603572,0.0,0.0,44.404011010228196,42.37033937269826,62.199469879520535,12481375.730603572,0.0,0.0,44.404011010228196,42.37033937269826,62.199469879520535,-0.12713292099488172,11.819349021007923,11.819349021007923,0.007413120314051946,0.0,0.0
Внуково,704658.1935699431,0.0,0.0,179.85666445293046,180.0,180.0,704658.1935699431,0.0,0.0,180.0,180.0,180.0,704658.1935699431,0.0,0.0,180.0,180.0,180.0,704658.1935699431,0.0,0.0,180.0,180.0,180.0,0.14333554706954033,0.14333554706954033,0.14333554706954033,0.0,0.0,0.0
Десёновское,4607022.582499371,0.0,0.0,179.59294403030017,180.0,180.0,4607022.582499371,0.0,0.0,180.0,180.0,180.0,4607022.582499371,0.0,0.0,180.0,180.0,180.0,4607022.582499371,0.0,0.0,180.0,180.0,180.0,0.40705596969982594,0.40705596969982594,0.40705596969982594,0.0,0.0,0.0
Кунцево,11876496.881437957,0.0,0.0,108.11402794938937,106.08506537867396,125.84135700617324,11876496.881437957,0.012133745756874433,0.09455703076102538,35.16646412788411,30.396527836186788,49.068376583506456,11876496.881437957,0.012133745756874433,0.09455703076102538,36.46250555251168,30.396527836186788,49.068376583506456,11876496.881437957,0.012133745756874433,0.09455703076102538,36.46250555251168,30.396527836186788,49.068376583506456,-72.94756382150526,-71.65152239687768,-71.65152239687768,0.012133745756874433,0.012133745756874433,0.012133745756874433
Новофёдоровское,332769.7141911032,0.0,0.0,179.99999999999997,180.0,180.0,332769.7141911032,0.0,0.0,179.99999999999997,180.0,180.0,332769.7141911032,0.0,0.0,179.99999999999997,180.0,180.0,332769.7141911032,0.0,0.0,179.99999999999997,180.0,180.0,0.0,0.0,0.0,0.0,0.0,0.0
Капотня,1113892.190295785,0.0,0.0,62.58470297612571,60.80477458039674,68.05297834476188,1113892.190295785,0.0,0.0,99.44353224777088,97.66360385204189,104.91180761640705,1113892.190295785,0.0,0.0,113.5234822272722,111.74355383154322,118.99175759590838,1113892.190295785,0.0,0.0,113.5234822272722,111.74355383154322,118.99175759590838,36.85882927164516,50.938779251146485,50.938779251146485,0.0,0.0,0.0
Щаповское,58663.83114889708,0.0,0.0,180.0,180.0,180.0,58663.83114889708,0.0,0.0,180.0,180.0,180.0,58663.83114889708,0.0,0.0,180.0,180.0,180.0,58663.83114889708,0.0,0.0,180.0,180.0,180.0,0.0,0.0,0.0,0.0,0.0,0.0
