district_name,mean_time_min_k20,p50_time_min_k20,p90_time_min_k20,share_10min_k20,share_15min_k20,D_effective_k20,D_effective_share_k20,demand_total_k20,mean_time_min_k30,p50_time_min_k30,p90_time_min_k30,share_10min_k30,share_15min_k30,D_effective_k30,D_effective_share_k30,demand_total_k30,delta_mean_time_min,delta_p50_time_min,delta_p90_time_min,delta_share_10min,delta_share_15min,delta_D_effective
Арбат,108.16409052451854,108.77976727394913,116.90681246460126,0.0,0.0,509747.4204379793,0.19999999999999998,2548737.1021898966,81.72433929765347,83.44888898195306,90.6819630175918,0.0,0.0,509747.4204379793,0.19999999999999998,2548737.1021898966,-26.43975122686507,-25.330878291996072,-26.22484944700946,0.0,0.0,0.0
Марфино,51.29697265836857,53.9522453053856,58.24682816165487,0.0,0.0,730863.2545199348,0.37239652650135374,1962594.177196972,51.27295930750885,53.9522453053856,58.24682816165487,0.0,0.0,730863.2545199348,0.37239652650135374,1962594.177196972,-0.02401335085971823,0.0,0.0,0.0,0.0,0.0
Сокол,105.13415747702571,105.21418227280455,118.27955519878891,0.0,0.0,858718.4551802012,0.19999999999999998,4293592.275901007,61.28210723523014,61.797890104740084,71.6209080570005,0.0,0.0,1164330.2640067656,0.27117858175353454,4293592.275901007,-43.85205024179557,-43.416292168064466,-46.65864714178841,0.0,0.0,305611.80882656435
Бескудниковский,11.135808751828296,10.190606710935382,18.371308528424816,0.4831843929428865,0.7228152370714602,5267708.308838215,0.9160182029978746,5750658.984284876,11.135808751828296,10.190606710935382,18.371308528424816,0.4831843929428865,0.7228152370714602,5267708.308838215,0.9160182029978746,5750658.984284876,0.0,0.0,0.0,0.0,0.0,0.0
Замоскворечье,117.0941902789155,117.68507063062849,131.83200583933166,0.0,0.0,924138.3767413861,0.20000000000000004,4620691.88370693,44.93764483309717,44.89550281812407,55.91756596426195,0.0,0.0,2003049.4769483523,0.4334955732519898,4620691.88370693,-72.15654544581834,-72.78956781250442,-75.91443987506972,0.0,0.0,1078911.100206966
Ломоносовский,13.286768982180716,13.373811742352865,22.726946137777393,0.42237022921350753,0.629722333610895,6853051.467069706,0.8850041220881039,7743524.912517268,13.286768982180716,13.373811742352865,22.726946137777393,0.42237022921350753,0.629722333610895,6853051.467069706,0.8850041220881039,7743524.912517268,0.0,0.0,0.0,0.0,0.0,0.0
Тверской,128.06421161991491,128.50263092234482,138.0889812001926,0.0,0.0,1347438.2211988824,0.2,6737191.105994412,86.79691027771148,86.67310928493605,104.04785339182088,0.0,0.0,1347438.2211988824,0.2,6737191.105994412,-41.26730134220344,-41.829521637408774,-34.04112780837171,0.0,0.0,0.0
Басманный,121.55726789279355,121.37412755080166,147.8910277425671,0.0,0.0,1897020.9922121267,0.19999999999999998,9485104.961060634,49.40736765400676,50.21730627458665,59.71208428647348,0.0,0.0,3659278.913403148,0.3857921370850032,9485104.961060634,-72.14990023878678,-71.15682127621501,-88.17894345609363,0.0,0.0,1762257.921191021
Аэропорт,102.47489387892874,100.63759067006319,114.07203548935858,0.0,0.0,1233000.6390280565,0.20000000000000004,6165003.195140282,85.62489906462322,86.19024506402141,95.75140802731791,0.0,0.0,1233000.6390280565,0.20000000000000004,6165003.195140282,-16.849994814305518,-14.447345606041779,-18.320627462040676,0.0,0.0,0.0
Мещанский,120.13175443461775,118.41418441938939,137.2333826236523,0.0,0.0,1044905.7300959118,0.19999999999999996,5224528.65047956,78.54026699591864,79.71311334253524,91.09180567171282,0.0,0.0,1044905.7300959118,0.19999999999999996,5224528.65047956,-41.591487438699104,-38.70107107685415,-46.14157695193947,0.0,0.0,0.0
Алексеевский,75.28559866555845,74.97703972010328,86.3720529175703,0.0,0.0,1122205.1677249018,0.20369992776594142,5509109.306186677,59.7688534032528,61.08393411541173,69.63850020696127,0.0,0.0,1543221.2296151477,0.28012173000127716,5509109.306186677,-15.516745262305655,-13.893105604691549,-16.733552710609032,0.0,0.0,421016.0618902459
Хамовники,91.6919585100516,89.64982684819235,109.38479970495396,0.0,0.0,1977242.927851858,0.20000000000000004,9886214.639259288,81.09718372663899,81.37336273801954,88.96831965165542,0.0,0.0,1977242.927851858,0.20000000000000004,9886214.639259288,-10.594774783412618,-8.27646411017281,-20.416480053298542,0.0,0.0,0.0
Академический,38.14703688429964,38.14968609981466,52.77724998414671,0.0,0.0,4202892.94560029,0.5102700835908572,8236604.654585702,38.14703688429964,38.14968609981466,52.77724998414671,0.0,0.0,4202892.94560029,0.5102700835908572,8236604.654585702,0.0,0.0,0.0,0.0,0.0,0.0
Якиманка,101.2778679471517,102.6429971867351,118.32010342918548,0.0,0.0,783001.1431356418,0.2,3915005.715678209,60.530617598004,60.334371273658306,67.93410942747188,0.0,0.0,1053783.8638742615,0.2691653449327624,3915005.715678209,-40.747250349147706,-42.308625913076796,-50.3859940017136,0.0,0.0,270782.7207386197
Щукино,111.55873937477968,110.7744118952602,127.08655055253568,0.0,0.0,1648556.8301083266,0.19999999999999998,8242784.150541633,46.99321310191223,46.838935767679494,59.076917553023954,0.0,0.0,3390142.093098919,0.4112860450041207,8242784.150541633,-64.56552627286744,-63.935476127580706,-68.00963299951172,0.0,0.0,1741585.2629905923
Савёловский,99.63299563295095,100.93519076609597,106.51130532822276,0.0,0.0,859735.0714619072,0.20000000000000004,4298675.357309535,97.5177202837211,98.34164782618087,102.3843379902609,0.0,0.0,859735.0714619072,0.20000000000000004,4298675.357309535,-2.1152753492298473,-2.593542939915096,-4.126967337961858,0.0,0.0,0.0
Бабушкинский,48.91694866504909,49.730163473778454,59.89864650592852,0.0,0.0,2114906.2909455053,0.3841512303638463,5505400.279318085,37.031044711842775,37.050040209243214,48.414219179411766,0.0,0.0,2818602.3826193344,0.5119704725572569,5505400.279318085,-11.885903953206316,-12.68012326453524,-11.484427326516752,0.0,0.0,703696.0916738291
Черёмушки,13.235011366970946,13.537826242614875,22.519289646066344,0.3601216820469817,0.5927535644150261,7983736.189409178,0.8747335259653554,9127049.49841534,13.235011366970946,13.537826242614875,22.519289646066344,0.3601216820469817,0.5927535644150261,7983736.189409178,0.8747335259653554,9127049.49841534,0.0,0.0,0.0,0.0,0.0,0.0
Преображенское,73.81321885920694,74.4710771837822,85.46974539521385,0.0,0.0,1224787.374820585,0.21505742054961405,5695164.443479525,17.030825851880167,18.326036564169968,27.296193727934032,0.28323651450010917,0.4136576184794637,4741940.054510447,0.8326256601667686,5695164.443479525,-56.782393007326775,-56.14504061961223,-58.17355166727982,0.28323651450010917,0.4136576184794637,3517152.6796898623
Лианозово,55.68099253395612,55.32324199823361,64.02970189359301,0.0,0.0,1706939.8164741292,0.3140162456495952,5435832.82751196,44.26431543386008,44.09355975501971,53.00668130883494,0.0,0.0,2351263.8517059023,0.43254896283889244,5435832.82751196,-11.416677100096045,-11.229682243213901,-11.023020584758072,0.0,0.0,644324.035231773
Зюзино,29.54809354314608,29.687772778516607,43.80471052469569,0.0,0.0637239741085966,4789107.9817561135,0.632566756922546,7570913.155562031,29.54809354314608,29.687772778516607,43.80471052469569,0.0,0.0637239741085966,4789107.9817561135,0.632566756922546,7570913.155562031,0.0,0.0,0.0,0.0,0.0,0.0
Текстильщики,82.23756681148699,80.55210044206022,101.7637436195716,0.0,0.0,1240439.9742920138,0.20000000000000004,6202199.871460068,70.5012885880232,70.8053197444536,77.33129631702774,0.0,0.0,1263116.9450139105,0.20365627860950544,6202199.871460068,-11.736278223463785,-9.746780697606624,-24.432447302543864,0.0,0.0,22676.970721896738
Ховрино,12.567850421481385,12.054226099115175,20.94142676195232,0.40430880892896365,0.7129223559801029,7885350.97176374,0.8899994456750764,8859950.430398973,12.419703375904382,12.054226099115175,20.94142676195232,0.41231397043895773,0.720927517490097,7895989.771888623,0.8912002199015755,8859950.430398973,-0.1481470455770033,0.0,0.0,0.008005161509994085,0.008005161509994085,10638.80012488272
Пресненский,124.66405750493182,125.16031782337632,133.50425554293426,0.0,0.0,3139212.4574073716,0.19999999999999998,15696062.28703686,86.19666986649587,85.12859007645675,99.46516308835176,0.0,0.0,3139212.4574073716,0.19999999999999998,15696062.28703686,-38.46738763843595,-40.03172774691957,-34.0390924545825,0.0,0.0,0.0
Свиблово,28.933543115545348,28.455260093235083,37.95174745988109,0.0,0.0,3344562.0916476985,0.6319155108523304,5292736.187368685,11.736462508444747,12.35395867241565,18.733130835747282,0.44845492928027164,0.7392489334004241,4791030.5792029165,0.9052086500432218,5292736.187368685,-17.197080607100602,-16.101301420819432,-19.21861662413381,0.44845492928027164,0.7392489334004241,1446468.487555218
Коптево,53.31375512608074,51.144990976650085,68.3655957825644,0.0,0.0,2000532.0337736078,0.34197011386726744,5850020.0826031715,53.31375512608074,51.144990976650085,68.3655957825644,0.0,0.0,2000532.0337736078,0.34197011386726744,5850020.0826031715,0.0,0.0,0.0,0.0,0.0,0.0
Проспект Вернадского,26.6846652435806,28.353909596615313,37.36413841804128,0.0,0.11674787334947896,4012984.689284086,0.6513688863189535,6160847.982719061,25.256774127467445,25.792702368310916,37.19769173381993,0.0,0.11674787334947896,4181078.6646933956,0.678653113406005,6160847.982719061,-1.4278911161131553,-2.561207228304397,-0.16644668422134856,0.0,0.0,168093.97540930938
Южнопортовый,125.1320749616417,123.87527845237831,139.10741325561034,0.0,0.0,1006612.6795626401,0.20000000000000007,5033063.397813199,43.29535730630101,43.110370337971794,59.274560812653064,0.0,0.0,2309280.8380257334,0.45882212392339145,5033063.397813199,-81.83671765534069,-80.76490811440652,-79.83285244295728,0.0,0.0,1302668.1584630932
Северное Измайлово,29.07470141927977,29.315070490863565,37.73088804971734,0.0,0.012107670616280885,2928385.2411832786,0.6168246003651667,4747516.943146631,29.07470141927977,29.315070490863565,37.73088804971734,0.0,0.012107670616280885,2928385.2411832786,0.6168246003651667,4747516.943146631,0.0,0.0,0.0,0.0,0.0,0.0
Марьина Роща,97.4040213382781,97.23154572083023,110.63870426425454,0.0,0.0,911264.6672254287,0.19999999999999998,4556323.336127144,92.1023241546434,93.46800390167118,101.21644979399535,0.0,0.0,911264.6672254287,0.19999999999999998,4556323.336127144,-5.301697183634701,-3.7635418191590446,-9.42225447025919,0.0,0.0,0.0
Кузьминки,77.44844550330825,76.5822421153122,87.51807540636649,0.0,0.0,1541697.0741557514,0.20184525694056973,7638014.871014188,77.44844550330825,76.5822421153122,87.51807540636649,0.0,0.0,1541697.0741557514,0.20184525694056973,7638014.871014188,0.0,0.0,0.0,0.0,0.0,0.0
Новогиреево,78.88766745031522,78.41176660394383,86.65601599058658,0.0,0.0,1043734.9653805584,0.2,5218674.826902792,78.81025108660216,78.41176660394383,86.65601599058658,0.0,0.0,1043734.9653805584,0.2,5218674.826902792,-0.0774163637130556,0.0,0.0,0.0,0.0,0.0
Бутырский,73.22340271348583,69.43656820501165,96.94346668306272,0.0,0.0,1219663.2387579584,0.22775019903572732,5355267.498873312,73.22340271348583,69.43656820501165,96.94346668306272,0.0,0.0,1219663.2387579584,0.22775019903572732,5355267.498873312,0.0,0.0,0.0,0.0,0.0,0.0
Филёвский Парк,86.8720667062048,85.6937826946194,115.47526073860928,0.0,0.0,1620072.1145271147,0.20429087207426222,7930222.716647852,64.8448871137679,66.13338407191625,76.71514231232695,0.0,0.0,1950224.9289854346,0.24592309682442376,7930222.716647852,-22.02717959243691,-19.560398622703147,-38.76011842628233,0.0,0.0,330152.8144583199
Войковский,63.2575854756928,65.66223876235794,79.03990644819861,0.0,0.0,1602024.7302439688,0.2726299408529634,5876187.792257138,63.186143212790164,65.66223876235794,77.99968580553241,0.0,0.0,1602024.7302439688,0.2726299408529634,5876187.792257138,-0.07144226290263589,0.0,-1.040220642666199,0.0,0.0,0.0
Беговой,126.8839196922493,126.0899892191186,139.34991885645383,0.0,0.0,594917.6943753674,0.2,2974588.471876837,95.9028777203622,97.32747154816994,104.65666863460063,0.0,0.0,594917.6943753674,0.2,2974588.471876837,-30.981041971887095,-28.762517670948668,-34.69325022185319,0.0,0.0,0.0
Красносельский,131.09987814176847,130.64350402826656,143.78590622365147,0.0,0.0,824517.1006924564,0.19999999999999998,4122585.503462282,61.63129543399455,61.19531496572032,68.23380402855665,0.0,0.0,1028338.748280728,0.24944024748961435,4122585.503462282,-69.46858270777392,-69.44818906254625,-75.55210219509482,0.0,0.0,203821.64758827165
Дмитровский,17.039918193497208,16.211485742486857,27.901617350017567,0.28224618852767425,0.4274498891429103,5747471.866858579,0.8270886372718467,6949039.810069964,9.24482579843144,8.743609425295334,13.525814345856626,0.6540364374539618,0.9828908824849069,6565944.343755587,0.9448707336862242,6949039.810069964,-7.795092395065767,-7.467876317191523,-14.375803004160941,0.37179024892628754,0.5554409933419966,818472.4768970078
Соколиная Гора,73.84022870705527,74.87064009097975,88.69171004743582,0.0,0.0,1269785.059116802,0.22625674816557506,5612142.264979302,54.66619209837872,53.78537683360297,71.39740335735483,0.0,0.0,1933814.632481304,0.3445769086340929,5612142.264979302,-19.174036608676552,-21.08526325737678,-17.294306690080987,0.0,0.0,664029.573364502
Хорошёвский,135.27799191725842,139.30282869277127,145.5366883176426,0.0,0.0,1741079.9397718725,0.2,8705399.698859362,63.98892958801853,64.4198912428314,76.03188213227209,0.0,0.0,2198735.918846987,0.2525715067551786,8705399.698859362,-71.2890623292399,-74.88293744993987,-69.5048061853705,0.0,0.0,457655.9790751147
Таганский,142.92551254070625,143.64461614359035,148.58245048840914,0.0,0.0,2051520.0099209603,0.20000000000000004,10257600.0496048,15.170582178933342,14.676453046926321,25.182623191971462,0.252259546241896,0.5063354445999739,8615354.556159655,0.8398996368055492,10257600.0496048,-127.7549303617729,-128.96816309666403,-123.39982729643768,0.252259546241896,0.5063354445999739,6563834.546238694
Отрадное,22.755481326187184,24.413483705237645,34.647907391057295,0.13511826567032667,0.24450418563859724,9279467.137128752,0.728254193946024,12742071.675342137,14.218018266750974,14.133054904337959,22.265329450820754,0.31895089746980104,0.5211854691622473,11073464.54755117,0.8690474225615935,12742071.675342137,-8.53746305943621,-10.280428800899687,-12.38257794023654,0.18383263179947437,0.27668128352365007,1793997.4104224183
Щербинка,83.50141911907946,82.25967508781609,93.22016395003044,0.0,0.0,898132.8473676833,0.20000000000000007,4490664.236838415,83.50141911907946,82.25967508781609,93.22016395003044,0.0,0.0,898132.8473676833,0.20000000000000007,4490664.236838415,0.0,0.0,0.0,0.0,0.0,0.0
Котловка,46.01991208246432,48.281661744848506,56.99969638108927,0.0,0.0,1646948.255271726,0.43320485229571914,3801777.0266051125,46.01991208246432,48.281661744848506,56.99969638108927,0.0,0.0,1646948.255271726,0.43320485229571914,3801777.0266051125,0.0,0.0,0.0,0.0,0.0,0.0
Зябликово,64.719666572001,66.45078356448168,74.35039483044838,0.0,0.0,1436599.4624573695,0.24663591078923777,5824778.143054005,64.719666572001,66.45078356448168,74.35039483044838,0.0,0.0,1436599.4624573695,0.24663591078923777,5824778.143054005,0.0,0.0,0.0,0.0,0.0,0.0
Косино-Ухтомский,42.20427664349219,38.93428098337681,62.6092006991793,0.0,0.0,2224172.7089368613,0.4538726014790909,4900433.958094571,42.20427664349219,38.93428098337681,62.6092006991793,0.0,0.0,2224172.7089368613,0.4538726014790909,4900433.958094571,0.0,0.0,0.0,0.0,0.0,0.0
Коньково,15.556355201118222,15.009149445017805,27.43283448171557,0.27856221799981684,0.4974498633739296,8610730.368647968,0.8429420669844321,10215091.529898692,15.556355201118222,15.009149445017805,27.43283448171557,0.27856221799981684,0.4974498633739296,8610730.368647968,0.8429420669844321,10215091.529898692,0.0,0.0,0.0,0.0,0.0,0.0
Ростокино,49.93785237857337,52.33038542672922,59.97527164957639,0.0,0.0,1390481.4454994858,0.39726037810026077,3500176.5143277277,29.10366440489631,28.355944184775304,38.646442047870075,0.05400428598747566,0.05400428598747566,2181328.3329570903,0.6232052366582015,3500176.5143277277,-20.834187973677057,-23.97444124195392,-21.328829601706317,0.05400428598747566,0.05400428598747566,790846.8874576045
Хорошёво-Мнёвники,136.5328800803069,138.87603737599446,146.39639803446107,0.0,0.0,3453303.7424998116,0.2,17266518.712499056,26.12284313578548,23.704105693281374,50.93086965466785,0.15620088599517246,0.2429940963023899,12026777.141139487,0.6965374631328217,17266518.712499056,-110.41003694452144,-115.17193168271308,-95.46552837979323,0.15620088599517246,0.2429940963023899,8573473.398639675
Новокосино,83.32813217670838,84.10616900572735,88.9986151110367,0.0,0.0,1135447.4951925874,0.2000000000000001,5677237.475962934,83.32813217670838,84.10616900572735,88.9986151110367,0.0,0.0,1135447.4951925874,0.2000000000000001,5677237.475962934,0.0,0.0,0.0,0.0,0.0,0.0
Фили-Давыдково,69.03886934807511,68.07426509934959,82.1197981079034,0.0,0.0,1739791.84750769,0.23367979498040264,7445195.88291147,69.03886934807511,68.07426509934959,82.1197981079034,0.0,0.0,1739791.84750769,0.23367979498040264,7445195.88291147,0.0,0.0,0.0,0.0,0.0,0.0
Алтуфьевский,42.35010541652721,40.68211483333316,51.94009734625387,0.0,0.0,1549761.3672363397,0.43623909163510544,3552550.41777101,21.971715679201637,22.922569679242564,28.621087945611414,0.10387916595444355,0.1404348379619875,2704076.941253818,0.7611649725580664,3552550.41777101,-20.37838973732557,-17.759545154090596,-23.319009400642457,0.10387916595444355,0.1404348379619875,1154315.5740174784
Рязанский,103.64169852008699,105.73713900740131,116.18001260249183,0.0,0.0,1738128.0956528648,0.20000000000000004,8690640.478264323,88.66727572451849,90.00802302956836,101.16737717152324,0.0,0.0,1738128.0956528648,0.20000000000000004,8690640.478264323,-14.9744227955685,-15.729115977832947,-15.012635430968587,0.0,0.0,0.0
Обручевский,15.76003124128365,15.246532829679934,29.78277325292383,0.3235083476001201,0.49475167389470437,8225258.7344727805,0.8408628482987599,9781926.685325896,14.725721076201909,14.260918066982708,26.742612761511996,0.3235083476001201,0.5038858129174344,8396397.345956588,0.8583582371918843,9781926.685325896,-1.0343101650817417,-0.9856147626972263,-3.0401604914118323,0.0,0.009134139022730026,171138.61148380768
Донской,72.47595484732534,72.44702481939339,83.49802640930491,0.0,0.0,737097.3289915866,0.20562440100840199,3584678.3036292866,71.48071759647382,71.44015372848547,80.51284505878387,0.0,0.0,737097.3289915866,0.20562440100840199,3584678.3036292866,-0.9952372508515168,-1.0068710909079215,-2.985181350521046,0.0,0.0,0.0
Северное Медведково,66.59021537877094,67.33803832287933,78.08554222510568,0.0,0.0,1588434.2615688352,0.24201825535076218,6563282.836935932,63.550326913848835,64.53794072308494,72.87572803985871,0.0,0.0,1664375.7706135006,0.2535889145668015,6563282.836935932,-3.0398884649221003,-2.800097599794384,-5.2098141852469695,0.0,0.0,75941.50904466538
Раменки,24.380063056923802,23.356010384395884,45.88204315925136,0.2034400865703715,0.3246600733927099,15717947.210003735,0.7073624655377311,22220499.35609049,24.380063056923802,23.356010384395884,45.88204315925136,0.2034400865703715,0.3246600733927099,15717947.210003735,0.7073624655377311,22220499.35609049,0.0,0.0,0.0,0.0,0.0,0.0
Восточное Измайлово,17.446612447820186,16.19138536490923,25.509097028276173,0.1376669944944755,0.40354158424058384,3184718.6523178434,0.8174577752697751,3895881.535002626,17.446612447820186,16.19138536490923,25.509097028276173,0.1376669944944755,0.40354158424058384,3184718.6523178434,0.8174577752697751,3895881.535002626,0.0,0.0,0.0,0.0,0.0,0.0
Чертаново Южное,88.95768404102778,89.25325375271899,104.57141754498004,0.0,0.0,1834734.6685446042,0.20085251954241626,9134735.639485681,88.95768404102778,89.25325375271899,104.57141754498004,0.0,0.0,1834734.6685446042,0.20085251954241626,9134735.639485681,0.0,0.0,0.0,0.0,0.0,0.0
"""Мосрентген""",74.97430087971817,77.93863693306176,85.1036677082001,0.0,0.0,234820.9903638736,0.2,1174104.951819368,70.03971872034094,66.33248681510398,85.1036677082001,0.0,0.0,267377.57146964857,0.22772885086237477,1174104.951819368,-4.9345821593772285,-11.606150117957782,0.0,0.0,0.0,32556.581105774967
Марьино,21.291040380305482,17.817939004458523,42.941219135997315,0.20124211419262103,0.37247549975922184,13810655.32559675,0.7608313296776981,18152059.184323013,21.291040380305482,17.817939004458523,42.941219135997315,0.20124211419262103,0.37247549975922184,13810655.32559675,0.7608313296776981,18152059.184323013,0.0,0.0,0.0,0.0,0.0,0.0
Сокольники,104.75435447660269,104.42894960960909,117.02727683233906,0.0,0.0,799577.254925777,0.2,3997886.2746288846,47.37368731270897,49.080206104864594,57.7500241791309,0.0,0.0,1572735.6619205694,0.3933917960351594,3997886.2746288846,-57.38066716389372,-55.3487435047445,-59.27725265320816,0.0,0.0,773158.4069947924
Богородское,88.02746346601852,89.17623208785245,98.71540464629203,0.0,0.0,1617576.2674389353,0.19999999999999998,8087881.337194677,20.238524836290907,20.020680277550493,29.874419314860663,0.1267125094527607,0.3078130428884788,6258200.963140171,0.7737750718918015,8087881.337194677,-67.78893862972761,-69.15555181030196,-68.84098533143137,0.1267125094527607,0.3078130428884788,4640624.695701236
Тёплый Стан,40.94470941797861,43.41303215026083,56.18777866691199,0.0,0.0,4028650.1340303486,0.48305636745877956,8339917.254841121,40.66283514116968,43.41303215026083,56.18777866691199,0.0,0.0,4028650.1340303486,0.48305636745877956,8339917.254841121,-0.28187427680892796,0.0,0.0,0.0,0.0,0.0
Чертаново Центральное,81.4653982730868,80.90088177238616,94.29186103015965,0.0,0.0,1174545.6099480079,0.20000000000000004,5872728.049740038,81.4653982730868,80.90088177238616,94.29186103015965,0.0,0.0,1174545.6099480079,0.20000000000000004,5872728.049740038,0.0,0.0,0.0,0.0,0.0,0.0
Нагорный,51.43310991818253,51.88146097153254,57.14466530344149,0.0,0.0,1672985.4465903232,0.3571707506282649,4683993.4223268125,51.43310991818253,51.88146097153254,57.14466530344149,0.0,0.0,1672985.4465903232,0.3571707506282649,4683993.4223268125,0.0,0.0,0.0,0.0,0.0,0.0
Нагатинский Затон,103.92732047120607,104.77919731409347,111.31737280700456,0.0,0.0,1434905.0418228407,0.20000000000000004,7174525.209114202,99.32558977923942,99.61534563518302,107.59672454380004,0.0,0.0,1434905.0418228407,0.20000000000000004,7174525.209114202,-4.601730691966651,-5.163851678910447,-3.7206482632045237,0.0,0.0,0.0
Ново-Переделкино,116.38410369360807,117.57143199343054,127.86114990204565,0.0,0.0,1258412.394804796,0.2,6292061.974023979,56.15851007673717,56.96975371343684,68.39080181573354,0.0,0.0,1970171.0124582448,0.31312009013767805,6292061.974023979,-60.225593616870896,-60.6016782799937,-59.470348086312114,0.0,0.0,711758.6176534488
Северное Тушино,70.56531311064641,71.90510603636855,81.00604804940899,0.0,0.0,2076979.9625710878,0.22160399970611566,9372484.094716314,16.637885041099373,15.292356942246732,28.753464556354437,0.2745642218995292,0.49376722798366407,7722222.677638231,0.8239248634192499,9372484.094716314,-53.92742806954704,-56.61274909412182,-52.25258349305455,0.2745642218995292,0.49376722798366407,5645242.715067143
Перово,75.00658120826729,69.48990085723673,95.53562319566251,0.0,0.0,1842655.199501977,0.2209038866669981,8341434.03859476,73.85374775140906,69.48990085723673,91.02602394853263,0.0,0.0,1842655.199501977,0.2209038866669981,8341434.03859476,-1.1528334568582324,0.0,-4.509599247129884,0.0,0.0,0.0
Кокошкино,180.00000000000003,180.0,180.0,0.0,0.0,154976.89854216826,0.20000000000000004,774884.4927108411,180.00000000000003,180.0,180.0,0.0,0.0,154976.89854216826,0.20000000000000004,774884.4927108411,0.0,0.0,0.0,0.0,0.0,0.0
Дорогомилово,85.36525057410438,88.23258435436091,97.5013814576958,0.0,0.0,1087953.6214161646,0.20000000000000004,5439768.107080822,85.36525057410438,88.23258435436091,97.5013814576958,0.0,0.0,1087953.6214161646,0.20000000000000004,5439768.107080822,0.0,0.0,0.0,0.0,0.0,0.0
Нагатино-Садовники,88.67132172138467,88.26245656936322,101.21200737312778,0.0,0.0,1012263.4292898781,0.19999999999999998,5061317.146449391,86.54948597812349,87.88713283788772,97.14593458748365,0.0,0.0,1012263.4292898781,0.19999999999999998,5061317.146449391,-2.1218357432611867,-0.375323731475504,-4.066072785644124,0.0,0.0,0.0
Южное Тушино,71.41275284596017,75.16232758806065,89.06063135409053,0.0,0.0,1597408.7972857319,0.25877115766602865,6173055.806116367,32.9320637044608,31.99630617496305,47.857732653086416,0.0,0.0,3572895.5428416426,0.5787887968389267,6173055.806116367,-38.48068914149937,-43.166021413097596,-41.202898701004116,0.0,0.0,1975486.7455559107
Гагаринский,31.924413500863352,29.720266977266814,52.066302375586865,0.0,0.09062531278451426,4117649.7360334382,0.5872468729187199,7011786.568684474,31.924413500863352,29.720266977266814,52.066302375586865,0.0,0.09062531278451426,4117649.7360334382,0.5872468729187199,7011786.568684474,0.0,0.0,0.0,0.0,0.0,0.0
Воскресенское,76.80140736986924,61.80696228851923,105.22689679514755,0.0,0.0,407932.1134636973,0.26820839461573087,1520952.0717953374,76.80140736986924,61.80696228851923,105.22689679514755,0.0,0.0,407932.1134636973,0.26820839461573087,1520952.0717953374,0.0,0.0,0.0,0.0,0.0,0.0
Останкинский,48.21078616511996,60.14283295918859,78.65674570288535,0.21963790892815843,0.32897074053894887,2839515.096683841,0.47006008701074287,6040749.204513818,41.63477444485725,52.681374058378175,67.38918087959165,0.21963790892815843,0.32897074053894887,3059820.7603668813,0.5065300108934331,6040749.204513818,-6.576011720262713,-7.461458900810413,-11.267564823293696,0.0,0.0,220305.66368304007
Рязановское,119.53164504468252,125.48445935180263,133.88947866329553,0.0,0.0,780394.0114716812,0.19999999999999998,3901970.0573584065,119.53164504468252,125.48445935180263,133.88947866329553,0.0,0.0,780394.0114716812,0.19999999999999998,3901970.0573584065,0.0,0.0,0.0,0.0,0.0,0.0
Митино,13.819215398961791,11.514391491443666,25.838824606800536,0.4631475190575674,0.6385427629727923,13204795.727932662,0.8676399508117303,15219211.281798132,13.819215398961791,11.514391491443666,25.838824606800536,0.4631475190575674,0.6385427629727923,13204795.727932662,0.8676399508117303,15219211.281798132,0.0,0.0,0.0,0.0,0.0,0.0
Марушкинское,180.0,180.0,180.0,0.0,0.0,170317.47146036554,0.2,851587.3573018276,180.0,180.0,180.0,0.0,0.0,170317.47146036554,0.2,851587.3573018276,0.0,0.0,0.0,0.0,0.0,0.0
Лосиноостровский,77.35766355743431,77.34890102146328,93.34545917239392,0.0,0.0,1081280.9058043973,0.20000000000000004,5406404.529021986,63.51553301433827,63.23831645617742,78.8559447565629,0.0,0.0,1367284.5920469398,0.25290090386452835,5406404.529021986,-13.84213054309604,-14.110584565285855,-14.48951441583101,0.0,0.0,286003.68624254246
Покровское-Стрешнево,78.20702102327773,80.31203774565095,91.78064252098791,0.0,0.0,1413074.7741840768,0.2205886137115116,6405927.986981743,66.07551545530161,68.6196288717935,77.06407861446156,0.0,0.0,1572058.5313245363,0.2454068379350042,6405927.986981743,-12.13150556797612,-11.69240887385746,-14.716563906526346,0.0,0.0,158983.7571404595
Чертаново Северное,60.39549353441631,61.38116128247511,73.42760411784133,0.0,0.0,1698246.0111394543,0.27748672826754145,6120098.145746539,60.39549353441631,61.38116128247511,73.42760411784133,0.0,0.0,1698246.0111394543,0.27748672826754145,6120098.145746539,0.0,0.0,0.0,0.0,0.0,0.0
Киевский,180.0,180.0,180.0,0.0,0.0,77983.94615650087,0.2,389919.7307825043,180.0,180.0,180.0,0.0,0.0,77983.94615650087,0.2,389919.7307825043,0.0,0.0,0.0,0.0,0.0,0.0
Старое Крюково,0.0,0.0,0.0,1.0,1.0,2196122.9395046476,1.0,2196122.9395046476,0.0,0.0,0.0,1.0,1.0,2196122.9395046476,1.0,2196122.9395046476,0.0,0.0,0.0,0.0,0.0,0.0
Силино,0.0,0.0,0.0,1.0,1.0,2852071.500277724,1.0,2852071.500277724,0.0,0.0,0.0,1.0,1.0,2852071.500277724,1.0,2852071.500277724,0.0,0.0,0.0,0.0,0.0,0.0
Южное Медведково,38.18450799252939,37.80997947156304,47.0587623094119,0.0,0.0,2673037.31940335,0.4907049972429447,5447340.733071743,37.36203528326266,35.44745374752188,46.766446985301314,0.0,0.0,2730711.1469630874,0.5012925169862187,5447340.733071743,-0.8224727092667337,-2.362525724041163,-0.29231532411058225,0.0,0.0,57673.82755973749
Восточное Дегунино,19.178998908655217,19.270163705946537,30.195225482454614,0.16006193545242223,0.34386989086514735,4513485.760372691,0.7799205148563688,5787109.935432203,19.036175285754975,19.270163705946537,30.195225482454614,0.16006193545242223,0.34386989086514735,4525450.211730477,0.7819879460078893,5787109.935432203,-0.14282362290024153,0.0,0.0,0.0,0.0,11964.451357786544
Бибирево,66.30886564213118,65.56759308658782,74.36167923103147,0.0,0.0,1777204.6964160628,0.22726597066829296,7819933.14348847,49.16283445373746,47.648127464814316,61.26468519150692,0.0,0.0,2947527.575503522,0.37692490733861067,7819933.14348847,-17.14603118839372,-17.919465621773504,-13.096994039524553,0.0,0.0,1170322.8790874593
Головинский,26.42974924345044,27.186251460417793,39.759379839841316,0.08822432807904731,0.2153689320136866,5283532.937703876,0.6689578838339607,7898154.82466947,26.42974924345044,27.186251460417793,39.759379839841316,0.08822432807904731,0.2153689320136866,5283532.937703876,0.6689578838339607,7898154.82466947,0.0,0.0,0.0,0.0,0.0,0.0
Измайлово,16.310790459477598,15.059516178419143,30.793880764305367,0.3072661347289172,0.47725554023994504,6104270.372176405,0.8234838369176618,7412738.536587399,16.310790459477598,15.059516178419143,30.793880764305367,0.3072661347289172,0.47725554023994504,6104270.372176405,0.8234838369176618,7412738.536587399,0.0,0.0,0.0,0.0,0.0,0.0
Даниловский,110.80649575113664,113.12612376130956,133.86052300668726,0.0,0.0,2073072.1026498615,0.19999999999999998,10365360.513249308,62.69882414187638,64.80262320895115,80.63961004342137,0.0,0.0,3052996.5553208985,0.29453838594600434,10365360.513249308,-48.10767160926026,-48.32350055235841,-53.22091296326589,0.0,0.0,979924.452671037
Выхино-Жулебино,84.19160615339416,81.30379927551242,102.75541936906582,0.0,0.0,2629450.634633227,0.2,13147253.173166133,84.19160615339416,81.30379927551242,102.75541936906582,0.0,0.0,2629450.634633227,0.2,13147253.173166133,0.0,0.0,0.0,0.0,0.0,0.0
Некрасовка,18.841673623069113,16.64093873785672,39.592309526676054,0.307512176053638,0.4832908774641704,7366098.899989703,0.8073500434753508,9123798.232896976,18.841673623069113,16.64093873785672,39.592309526676054,0.307512176053638,0.4832908774641704,7366098.899989703,0.8073500434753508,9123798.232896976,0.0,0.0,0.0,0.0,0.0,0.0
Орехово-Борисово Северное,86.0105725183251,87.1416974439256,100.00688509552464,0.0,0.0,1134208.5747464362,0.2,5671042.87373218,86.0105725183251,87.1416974439256,100.00688509552464,0.0,0.0,1134208.5747464362,0.2,5671042.87373218,0.0,0.0,0.0,0.0,0.0,0.0
Лефортово,114.02363865700339,114.24995477132711,127.43555107869376,0.0,0.0,1499196.4613739054,0.19999999999999996,7495982.306869528,42.66258076148356,43.387232451475775,57.66029013628094,0.0,0.0,3508770.1560618146,0.4680867713423335,7495982.306869528,-71.36105789551982,-70.86272231985134,-69.77526094241281,0.0,0.0,2009573.6946879092
Тропарёво-Никулино,16.803839750221858,16.94829000961932,26.637900119379992,0.24674051259632934,0.3979586775154537,9919538.347614788,0.8266404510973023,11999822.092479693,13.135816644030665,11.014170692210074,26.592902747706095,0.4614370649123685,0.6810896176647269,10607205.497819325,0.8839468965516478,11999822.092479693,-3.6680231061911925,-5.934119317409246,-0.04499737167389739,0.21469655231603918,0.28313094014927315,687667.1502045374
Северный,82.77837611590638,80.90515293220915,99.68425755101589,0.0,0.0,776158.799069281,0.19999999999999998,3880793.995346405,64.7375201102888,62.864296926591564,81.64340154539838,0.0,0.0,1018934.3200366222,0.2625582087733752,3880793.995346405,-18.040856005617584,-18.040856005617584,-18.040856005617513,0.0,0.0,242775.52096734126
Южное Бутово,34.17445609084249,26.97133735044548,90.42137433720823,0.1807753136859205,0.29735599875840324,10943110.442335688,0.6382851828417953,17144547.19693538,34.17445609084249,26.97133735044548,90.42137433720823,0.1807753136859205,0.29735599875840324,10943110.442335688,0.6382851828417953,17144547.19693538,0.0,0.0,0.0,0.0,0.0,0.0
Нижегородский,121.77029895170459,120.77859990272614,131.87337398122725,0.0,0.0,751363.8293883381,0.2,3756819.1469416907,52.60328328120799,56.66337092525425,68.68738898206404,0.0,0.0,1278050.9044362726,0.3401949506876566,3756819.1469416907,-69.1670156704966,-64.1152289774719,-63.18598499916321,0.0,0.0,526687.0750479344
Ярославский,85.52730887688875,84.327479868532,101.61100422065932,0.0,0.0,1125839.6646574773,0.2,5629198.323287386,68.06881393564716,69.42485029033168,86.70837464245906,0.0,0.0,1474806.1685105027,0.26199222052799037,5629198.323287386,-17.458494941241597,-14.902629578200319,-14.902629578200262,0.0,0.0,348966.5038530254
Западное Дегунино,22.76063150030844,21.469946337224492,33.79190727226644,0.026660467062092238,0.09393895615597112,5752242.314763498,0.7297234746861179,7882770.000290533,16.081929609403435,17.075019864408052,25.616868680722806,0.34917480821485564,0.4271382743110404,6657161.036348902,0.8445205221138687,7882770.000290533,-6.678701890905003,-4.39492647281644,-8.175038591543636,0.3225143411527634,0.3331993181550693,904918.7215854041
Солнцево,74.24414491805322,72.92673356734244,91.02764900663027,0.0,0.0,2242912.642354936,0.22288285332941,10063190.635127146,17.027390889762057,16.152426596696543,28.324220466553545,0.2608914735461438,0.4743337529851869,8235179.924495481,0.8183468070006836,10063190.635127146,-57.21675402829116,-56.774306970645895,-62.70342854007673,0.2608914735461438,0.4743337529851869,5992267.282140546
Крюково,1.6125540292343166,0.0,11.778495794137191,0.8630933815812905,1.0,7971194.270567928,0.9794640072371937,8138322.808872311,1.6125540292343166,0.0,11.778495794137191,0.8630933815812905,1.0,7971194.270567928,0.9794640072371937,8138322.808872311,0.0,0.0,0.0,0.0,0.0,0.0
Можайский,95.19426737224887,94.97223334350399,115.1603870000776,0.0,0.0,2228539.4936737223,0.20000000000000004,11142697.468368609,93.01277817567079,93.911818465952,110.83469366630983,0.0,0.0,2228539.4936737223,0.20000000000000004,11142697.468368609,-2.1814891965780845,-1.0604148775519917,-4.325693333767774,0.0,0.0,0.0
Куркино,88.03659112965396,88.12777905382633,101.55745911969078,0.0,0.0,665452.0174911347,0.19999999999999998,3327260.0874556736,87.34339909697326,85.75206765831332,101.55745911969078,0.0,0.0,665452.0174911347,0.19999999999999998,3327260.0874556736,-0.6931920326806988,-2.375711395513008,0.0,0.0,0.0,0.0
Строгино,82.74753754547335,85.85007622141883,95.66627138955263,0.0,0.0,1665589.3911371483,0.20334334619624705,8191019.879891642,81.84061596198065,83.13065001444794,95.10090291908499,0.0,0.0,1665589.3911371483,0.20334334619624705,8191019.879891642,-0.9069215834927036,-2.719426206970894,-0.5653684704676465,0.0,0.0,0.0
Матушкино,0.0,0.0,0.0,1.0,1.0,3157680.02698865,1.0,3157680.02698865,0.0,0.0,0.0,1.0,1.0,3157680.02698865,1.0,3157680.02698865,0.0,0.0,0.0,0.0,0.0,0.0
Левобережный,12.25002568731187,11.9694845701635,19.48688118633133,0.41146751739813653,0.6344794470846382,4944311.611611123,0.9013194441896634,5485637.354751995,12.25002568731187,11.9694845701635,19.48688118633133,0.41146751739813653,0.6344794470846382,4944311.611611123,0.9013194441896634,5485637.354751995,0.0,0.0,0.0,0.0,0.0,0.0
Молжаниновский,57.94401681487874,48.75683610372836,84.76402530876967,0.0,0.0,743619.9832707419,0.34988880922023885,2125303.7069918616,57.94401681487874,48.75683610372836,84.76402530876967,0.0,0.0,743619.9832707419,0.34988880922023885,2125303.7069918616,0.0,0.0,0.0,0.0,0.0,0.0
Филимонковское,180.00000000000003,180.0,180.0,0.0,0.0,339019.56535751023,0.20000000000000007,1695097.8267875507,179.55577537952823,180.0,180.0,0.0,0.0,339019.56535751023,0.20000000000000007,1695097.8267875507,-0.44422462047180034,0.0,0.0,0.0,0.0,0.0
Савёлки,0.0,0.0,0.0,1.0,1.0,2886057.782554071,1.0,2886057.782554071,0.0,0.0,0.0,1.0,1.0,2886057.782554071,1.0,2886057.782554071,0.0,0.0,0.0,0.0,0.0,0.0
Сосенское,84.38242885432123,78.45011073441468,124.6234753540423,0.0,0.0,4717189.300571546,0.24033524972628056,19627538.223976653,80.2599392661386,78.45011073441468,113.25893970299596,0.0,0.0,4717189.300571546,0.24033524972628056,19627538.223976653,-4.122489588182631,0.0,-11.364535651046339,0.0,0.0,0.0
Очаково-Матвеевское,42.033867174218656,41.73374147819069,50.27634666070863,0.0,0.0,5187297.0828324435,0.45445807852945397,11414247.711510861,41.986277738756584,41.73374147819069,50.27634666070863,0.0,0.0,5187297.0828324435,0.45445807852945397,11414247.711510861,-0.04758943546207206,0.0,0.0,0.0,0.0,0.0
Царицыно,103.97621778523977,103.1816953616789,115.90378052156261,0.0,0.0,1233610.6573019328,0.2,6168053.286509664,103.97621778523977,103.1816953616789,115.90378052156261,0.0,0.0,1233610.6573019328,0.2,6168053.286509664,0.0,0.0,0.0,0.0,0.0,0.0
Орехово-Борисово Южное,94.55628770434542,94.97434850953191,107.07968578011521,0.0,0.0,1645390.0068244075,0.19999999999999998,8226950.034122039,94.55628770434542,94.97434850953191,107.07968578011521,0.0,0.0,1645390.0068244075,0.19999999999999998,8226950.034122039,0.0,0.0,0.0,0.0,0.0,0.0
Северное Бутово,38.6334251747404,36.60764117534306,50.124288800329104,0.0,0.012990716555539716,3549530.1303416006,0.4844644041012044,7326709.868244737,38.6334251747404,36.60764117534306,50.124288800329104,0.0,0.012990716555539716,3549530.1303416006,0.4844644041012044,7326709.868244737,0.0,0.0,0.0,0.0,0.0,0.0
Крылатское,133.40663098443557,132.33197107671225,147.4551420065312,0.0,0.0,1224271.8752401758,0.20000000000000007,6121359.376200877,70.0800723032365,70.31949439170457,78.42219259998015,0.0,0.0,1279472.5184990081,0.20901770993440547,6121359.376200877,-63.32655868119906,-62.012476685007684,-69.03294940655104,0.0,0.0,55200.643258832395
Вешняки,103.19131454495998,103.08230913717648,114.29016677263562,0.0,0.0,1136913.8097398777,0.1999999999999999,5684569.048699391,103.17979405735439,103.08230913717648,114.29016677263562,0.0,0.0,1136913.8097398777,0.1999999999999999,5684569.048699391,-0.011520487605594099,0.0,0.0,0.0,0.0,0.0
Тимирязевский,62.69010436548867,67.1271064627766,84.66551116715095,0.0,0.0,2080891.9727805248,0.3111982841763486,6686707.731336119,62.69010436548867,67.1271064627766,84.66551116715095,0.0,0.0,2080891.9727805248,0.3111982841763486,6686707.731336119,0.0,0.0,0.0,0.0,0.0,0.0
Братеево,48.629473504825036,47.696783538722585,57.32789599500706,0.0,0.0,2190827.7734823786,0.3929115111162283,5575880.857393113,48.629473504825036,47.696783538722585,57.32789599500706,0.0,0.0,2190827.7734823786,0.3929115111162283,5575880.857393113,0.0,0.0,0.0,0.0,0.0,0.0
Внуковское,152.65075656726975,151.19119867548392,169.1107182183,0.0,0.0,1721341.8714267751,0.20000000000000007,8606709.357133873,94.36282785465968,91.44109212544139,109.36061166825752,0.0,0.0,1721341.8714267751,0.20000000000000007,8606709.357133873,-58.28792871261007,-59.75010655004253,-59.75010655004249,0.0,0.0,0.0
Ясенево,69.01859037904858,70.17096922352322,81.22642281417892,0.0,0.0,2398238.256213294,0.23330282343904366,10279508.069647923,69.01859037904858,70.17096922352322,81.22642281417892,0.0,0.0,2398238.256213294,0.23330282343904366,10279508.069647923,0.0,0.0,0.0,0.0,0.0,0.0
Москворечье-Сабурово,85.43512720660303,89.84550930177355,103.95957520410224,0.0,0.0,1097348.0426564852,0.20943564022682581,5239547.774524052,85.43512720660303,89.84550930177355,103.95957520410224,0.0,0.0,1097348.0426564852,0.20943564022682581,5239547.774524052,0.0,0.0,0.0,0.0,0.0,0.0
Гольяново,44.47214771106418,45.700235553595846,58.09610884361781,0.0,0.0,5153055.416954882,0.43030449116681313,11975369.820058962,43.63993052362463,43.71563754547713,58.09610884361781,0.0,0.0,5278555.826584285,0.4407843687417994,11975369.820058962,-0.8322171874395536,-1.9845980081187165,0.0,0.0,0.0,125500.40962940268
Бирюлёво Восточное,146.15785808678112,147.01045429372505,154.2258897279923,0.0,0.0,2008902.7624437325,0.20000000000000004,10044513.81221866,146.15785808678112,147.01045429372505,154.2258897279923,0.0,0.0,2008902.7624437325,0.20000000000000004,10044513.81221866,0.0,0.0,0.0,0.0,0.0,0.0
Бирюлёво Западное,129.06370711836522,129.2516062680928,135.1402892079097,0.0,0.0,630299.1115116514,0.2,3151495.557558257,129.06370711836522,129.2516062680928,135.1402892079097,0.0,0.0,630299.1115116514,0.2,3151495.557558257,0.0,0.0,0.0,0.0,0.0,0.0
Московский,134.08164435621404,161.15141477645693,176.65812539132043,0.0,0.0,2631540.274581219,0.21973834781396945,11975789.846245144,88.95823025714671,111.70786910176793,129.8406520484089,0.0,0.0,3664300.760909362,0.30597570665105295,11975789.846245144,-45.12341409906733,-49.443545674689005,-46.81747334291151,0.0,0.0,1032760.4863281432
Ивановское,58.43965224556607,56.578565968290114,76.20311407452263,0.0,0.0,2115758.193656689,0.31747320137131385,6664367.841183914,58.43965224556607,56.578565968290114,76.20311407452263,0.0,0.0,2115758.193656689,0.31747320137131385,6664367.841183914,0.0,0.0,0.0,0.0,0.0,0.0
Печатники,60.056825352787364,58.93114185673474,68.96334816230186,0.0,0.0,1202069.2501518808,0.28628728437869383,4198821.658323508,60.056825352787364,58.93114185673474,68.96334816230186,0.0,0.0,1202069.2501518808,0.28628728437869383,4198821.658323508,0.0,0.0,0.0,0.0,0.0,0.0
Троицк,180.0,180.0,180.0,0.0,0.0,756197.4207515881,0.2,3780987.10375794,180.0,180.0,180.0,0.0,0.0,756197.4207515881,0.2,3780987.10375794,0.0,0.0,0.0,0.0,0.0,0.0
Восточный,80.19328003964426,79.97254636377238,85.42490970668686,0.0,0.0,68943.95374113531,0.20000000000000004,344719.7687056765,80.19328003964426,79.97254636377238,85.42490970668686,0.0,0.0,68943.95374113531,0.20000000000000004,344719.7687056765,0.0,0.0,0.0,0.0,0.0,0.0
Первомайское,180.0,180.0,180.0,0.0,0.0,80216.0666536123,0.2,401080.3332680615,180.0,180.0,180.0,0.0,0.0,80216.0666536123,0.2,401080.3332680615,0.0,0.0,0.0,0.0,0.0,0.0
Метрогородок,69.43891246697098,65.23077577314855,94.38336217551192,0.0,0.0,708314.205113482,0.2220361042153441,3190085.7187915524,46.57621942009376,42.3893141012373,75.05472773502949,0.0,0.0,1363247.7305405238,0.42733890268532987,3190085.7187915524,-22.86269304687722,-22.841461671911254,-19.328634440482432,0.0,0.0,654933.5254270418
Люблино,32.58466198922027,31.55687534760073,43.24126846442798,0.0,0.0,7085125.055641318,0.5676557783825883,12481375.730603572,32.58466198922027,31.55687534760073,43.24126846442798,0.0,0.0,7085125.055641318,0.5676557783825883,12481375.730603572,0.0,0.0,0.0,0.0,0.0,0.0
Внуково,179.85666445293046,180.0,180.0,0.0,0.0,140931.63871398862,0.2,704658.1935699431,137.3503046583212,129.1741895794933,150.83087806306284,0.0,0.0,140931.63871398862,0.2,704658.1935699431,-42.50635979460927,-50.82581042050671,-29.16912193693716,0.0,0.0,0.0
Десёновское,179.59294403030017,180.0,180.0,0.0,0.0,921404.5164998743,0.20000000000000004,4607022.582499371,179.59294403030017,180.0,180.0,0.0,0.0,921404.5164998743,0.20000000000000004,4607022.582499371,0.0,0.0,0.0,0.0,0.0,0.0
Кунцево,108.11402794938937,106.08506537867396,125.84135700617324,0.0,0.0,2375299.376287592,0.20000000000000007,11876496.881437957,92.76291114355924,91.73976763803165,102.63536144516613,0.0,0.0,2375299.376287592,0.20000000000000007,11876496.881437957,-15.35111680583013,-14.345297740642309,-23.205995561007114,0.0,0.0,0.0
Новофёдоровское,179.99999999999997,180.0,180.0,0.0,0.0,66553.94283822064,0.2,332769.7141911032,179.99999999999997,180.0,180.0,0.0,0.0,66553.94283822064,0.2,332769.7141911032,0.0,0.0,0.0,0.0,0.0,0.0
Капотня,62.58470297612571,60.80477458039674,68.05297834476188,0.0,0.0,257006.72322004693,0.23072854398216122,1113892.190295785,62.58470297612571,60.80477458039674,68.05297834476188,0.0,0.0,257006.72322004693,0.23072854398216122,1113892.190295785,0.0,0.0,0.0,0.0,0.0,0.0
Щаповское,180.0,180.0,180.0,0.0,0.0,11732.766229779416,0.2,58663.83114889708,180.0,180.0,180.0,0.0,0.0,11732.766229779416,0.2,58663.83114889708,0.0,0.0,0.0,0.0,0.0,0.0
